msg_id,path,group,source,method
MSG001,GrpHdr/MsgId,GrpHdr,:20:,DIRECT
MSG001,GrpHdr/CreDtTm,GrpHdr,conversion time,INFERRED
MSG001,GrpHdr/NbOfTxs,GrpHdr,structure,INFERRED
MSG001,GrpHdr/SttlmInf/SttlmMtd,GrpHdr,:53A:/:54A: presence,INFERRED
MSG001,CdtTrfTxInf/PmtId/InstrId,PmtId,:20:,DIRECT
MSG001,CdtTrfTxInf/PmtId/EndToEndId,PmtId,no /ROC/ in :70:,INFERRED
MSG001,CdtTrfTxInf/PmtId/TxId,PmtId,:20:,DIRECT
MSG001,CdtTrfTxInf/PmtId/UETR,PmtId,generated by translator,INFERRED
MSG001,CdtTrfTxInf/IntrBkSttlmAmt,IntrBkSttlmAmt,:32A:,DIRECT
MSG001,CdtTrfTxInf/IntrBkSttlmDt,IntrBkSttlmDt,:32A:,DIRECT
MSG001,CdtTrfTxInf/ChrgBr,ChrgBr,:71A:,CODE
MSG001,CdtTrfTxInf/ChrgsInf/Amt,ChrgsInf,:71F:,DIRECT
MSG001,CdtTrfTxInf/ChrgsInf/Agt/FinInstnId/BICFI,ChrgsInf,71F: agent not stated; header BIC assumed,INFERRED
MSG001,CdtTrfTxInf/InstgAgt/FinInstnId/BICFI,InstgAgt,{1:} sender LT,DIRECT
MSG001,CdtTrfTxInf/InstdAgt/FinInstnId/BICFI,InstdAgt,{2:} receiver LT,DIRECT
MSG001,CdtTrfTxInf/Dbtr/Nm,Dbtr,:50K: line 1,DIRECT
MSG001,CdtTrfTxInf/Dbtr/PstlAdr/StrtNm,Dbtr,:50K:,PARSED
MSG001,CdtTrfTxInf/Dbtr/PstlAdr/BldgNb,Dbtr,:50K:,PARSED
MSG001,CdtTrfTxInf/Dbtr/PstlAdr/TwnNm,Dbtr,:50K:,PARSED
MSG001,CdtTrfTxInf/Dbtr/PstlAdr/Ctry,Dbtr,:50K:,PARSED
MSG001,CdtTrfTxInf/DbtrAcct/Id/Othr/Id,DbtrAcct,:50K: account line,DIRECT
MSG001,CdtTrfTxInf/DbtrAgt/FinInstnId/BICFI,DbtrAgt,:52A:,DIRECT
MSG001,CdtTrfTxInf/CdtrAgt/FinInstnId/BICFI,CdtrAgt,:57a: absent; receiver BIC assumed,INFERRED
MSG001,CdtTrfTxInf/Cdtr/Nm,Cdtr,:59: line 1,DIRECT
MSG001,CdtTrfTxInf/Cdtr/PstlAdr/PstCd,Cdtr,:59:,PARSED
MSG001,CdtTrfTxInf/Cdtr/PstlAdr/TwnNm,Cdtr,:59:,PARSED
MSG001,CdtTrfTxInf/Cdtr/PstlAdr/Ctry,Cdtr,:59:,PARSED
MSG001,CdtTrfTxInf/Cdtr/PstlAdr/AdrLine,Cdtr,:59:,FREETEXT
MSG001,CdtTrfTxInf/CdtrAcct/Id/IBAN,CdtrAcct,:59: account line,DIRECT
MSG001,CdtTrfTxInf/RmtInf/Ustrd,RmtInf,:70:,FREETEXT
MSG001,CdtTrfTxInf/RmtInf/Strd/RfrdDocInf/Tp/CdOrPrtry/Cd,RmtInf,:70: /INV/,CODE
MSG001,CdtTrfTxInf/RmtInf/Strd/RfrdDocInf/Nb,RmtInf,:70: /INV/,CODE
MSG002,GrpHdr/MsgId,GrpHdr,:20:,DIRECT
MSG002,GrpHdr/CreDtTm,GrpHdr,conversion time,INFERRED
MSG002,GrpHdr/NbOfTxs,GrpHdr,structure,INFERRED
MSG002,GrpHdr/SttlmInf/SttlmMtd,GrpHdr,:53A:/:54A: presence,INFERRED
MSG002,CdtTrfTxInf/PmtId/InstrId,PmtId,:20:,DIRECT
MSG002,CdtTrfTxInf/PmtId/EndToEndId,PmtId,no /ROC/ in :70:,INFERRED
MSG002,CdtTrfTxInf/PmtId/TxId,PmtId,:20:,DIRECT
MSG002,CdtTrfTxInf/PmtId/UETR,PmtId,{3:{121:}},DIRECT
MSG002,CdtTrfTxInf/IntrBkSttlmAmt,IntrBkSttlmAmt,:32A:,DIRECT
MSG002,CdtTrfTxInf/IntrBkSttlmDt,IntrBkSttlmDt,:32A:,DIRECT
MSG002,CdtTrfTxInf/ChrgBr,ChrgBr,:71A:,CODE
MSG002,CdtTrfTxInf/InstgAgt/FinInstnId/BICFI,InstgAgt,{1:} sender LT,DIRECT
MSG002,CdtTrfTxInf/InstdAgt/FinInstnId/BICFI,InstdAgt,{2:} receiver LT,DIRECT
MSG002,CdtTrfTxInf/Dbtr/Nm,Dbtr,:50K: line 1,DIRECT
MSG002,CdtTrfTxInf/Dbtr/PstlAdr/PstCd,Dbtr,:50K:,PARSED
MSG002,CdtTrfTxInf/Dbtr/PstlAdr/TwnNm,Dbtr,:50K:,PARSED
MSG002,CdtTrfTxInf/Dbtr/PstlAdr/Ctry,Dbtr,:50K:,PARSED
MSG002,CdtTrfTxInf/Dbtr/PstlAdr/AdrLine,Dbtr,:50K:,FREETEXT
MSG002,CdtTrfTxInf/DbtrAcct/Id/IBAN,DbtrAcct,:50K: account line,DIRECT
MSG002,CdtTrfTxInf/DbtrAgt/FinInstnId/BICFI,DbtrAgt,:52a: absent; sender BIC assumed,INFERRED
MSG002,CdtTrfTxInf/CdtrAgt/FinInstnId/BICFI,CdtrAgt,:57a: absent; receiver BIC assumed,INFERRED
MSG002,CdtTrfTxInf/Cdtr/Nm,Cdtr,:59: line 1,DIRECT
MSG002,CdtTrfTxInf/Cdtr/PstlAdr/PstCd,Cdtr,:59:,PARSED
MSG002,CdtTrfTxInf/Cdtr/PstlAdr/TwnNm,Cdtr,:59:,PARSED
MSG002,CdtTrfTxInf/Cdtr/PstlAdr/Ctry,Cdtr,:59:,PARSED
MSG002,CdtTrfTxInf/Cdtr/PstlAdr/AdrLine,Cdtr,:59:,FREETEXT
MSG002,CdtTrfTxInf/CdtrAcct/Id/IBAN,CdtrAcct,:59: account line,DIRECT
MSG002,CdtTrfTxInf/RmtInf/Ustrd,RmtInf,:70:,FREETEXT
MSG003,GrpHdr/MsgId,GrpHdr,:20:,DIRECT
MSG003,GrpHdr/CreDtTm,GrpHdr,conversion time,INFERRED
MSG003,GrpHdr/NbOfTxs,GrpHdr,structure,INFERRED
MSG003,GrpHdr/SttlmInf/SttlmMtd,GrpHdr,:53A:/:54A: presence,INFERRED
MSG003,CdtTrfTxInf/PmtId/InstrId,PmtId,:20:,DIRECT
MSG003,CdtTrfTxInf/PmtId/EndToEndId,PmtId,no /ROC/ in :70:,INFERRED
MSG003,CdtTrfTxInf/PmtId/TxId,PmtId,:20:,DIRECT
MSG003,CdtTrfTxInf/PmtId/UETR,PmtId,{3:{121:}},DIRECT
MSG003,CdtTrfTxInf/IntrBkSttlmAmt,IntrBkSttlmAmt,:32A:,DIRECT
MSG003,CdtTrfTxInf/IntrBkSttlmDt,IntrBkSttlmDt,:32A:,DIRECT
MSG003,CdtTrfTxInf/ChrgBr,ChrgBr,:71A:,CODE
MSG003,CdtTrfTxInf/InstgAgt/FinInstnId/BICFI,InstgAgt,{1:} sender LT,DIRECT
MSG003,CdtTrfTxInf/InstdAgt/FinInstnId/BICFI,InstdAgt,{2:} receiver LT,DIRECT
MSG003,CdtTrfTxInf/Dbtr/Nm,Dbtr,:50K: line 1,DIRECT
MSG003,CdtTrfTxInf/Dbtr/PstlAdr/StrtNm,Dbtr,:50K:,PARSED
MSG003,CdtTrfTxInf/Dbtr/PstlAdr/BldgNb,Dbtr,:50K:,PARSED
MSG003,CdtTrfTxInf/Dbtr/PstlAdr/PstCd,Dbtr,:50K:,PARSED
MSG003,CdtTrfTxInf/Dbtr/PstlAdr/TwnNm,Dbtr,:50K:,PARSED
MSG003,CdtTrfTxInf/Dbtr/PstlAdr/Ctry,Dbtr,:50K:,PARSED
MSG003,CdtTrfTxInf/DbtrAcct/Id/IBAN,DbtrAcct,:50K: account line,DIRECT
MSG003,CdtTrfTxInf/DbtrAgt/FinInstnId/BICFI,DbtrAgt,:52a: absent; sender BIC assumed,INFERRED
MSG003,CdtTrfTxInf/CdtrAgt/FinInstnId/BICFI,CdtrAgt,:57a: absent; receiver BIC assumed,INFERRED
MSG003,CdtTrfTxInf/Cdtr/Nm,Cdtr,:59: line 1,DIRECT
MSG003,CdtTrfTxInf/Cdtr/PstlAdr/StrtNm,Cdtr,:59:,PARSED
MSG003,CdtTrfTxInf/Cdtr/PstlAdr/BldgNb,Cdtr,:59:,PARSED
MSG003,CdtTrfTxInf/Cdtr/PstlAdr/TwnNm,Cdtr,:59:,PARSED
MSG003,CdtTrfTxInf/Cdtr/PstlAdr/Ctry,Cdtr,:59:,PARSED
MSG003,CdtTrfTxInf/CdtrAcct/Id/IBAN,CdtrAcct,:59: account line,DIRECT
MSG003,CdtTrfTxInf/RmtInf/Ustrd,RmtInf,:70:,FREETEXT
MSG003,CdtTrfTxInf/RmtInf/Strd/RfrdDocInf/Tp/CdOrPrtry/Cd,RmtInf,:70: /INV/,CODE
MSG003,CdtTrfTxInf/RmtInf/Strd/RfrdDocInf/Nb,RmtInf,:70: /INV/,CODE
MSG004,GrpHdr/MsgId,GrpHdr,:20:,DIRECT
MSG004,GrpHdr/CreDtTm,GrpHdr,conversion time,INFERRED
MSG004,GrpHdr/NbOfTxs,GrpHdr,structure,INFERRED
MSG004,GrpHdr/SttlmInf/SttlmMtd,GrpHdr,:53A:/:54A: presence,INFERRED
MSG004,CdtTrfTxInf/PmtId/InstrId,PmtId,:20:,DIRECT
MSG004,CdtTrfTxInf/PmtId/EndToEndId,PmtId,no /ROC/ in :70:,INFERRED
MSG004,CdtTrfTxInf/PmtId/TxId,PmtId,:20:,DIRECT
MSG004,CdtTrfTxInf/PmtId/UETR,PmtId,{3:{121:}},DIRECT
MSG004,CdtTrfTxInf/IntrBkSttlmAmt,IntrBkSttlmAmt,:32A:,DIRECT
MSG004,CdtTrfTxInf/IntrBkSttlmDt,IntrBkSttlmDt,:32A:,DIRECT
MSG004,CdtTrfTxInf/ChrgBr,ChrgBr,:71A:,CODE
MSG004,CdtTrfTxInf/ChrgsInf/Amt,ChrgsInf,:71G:,DIRECT
MSG004,CdtTrfTxInf/ChrgsInf/Agt/FinInstnId/BICFI,ChrgsInf,71G: agent not stated; header BIC assumed,INFERRED
MSG004,CdtTrfTxInf/InstgAgt/FinInstnId/BICFI,InstgAgt,{1:} sender LT,DIRECT
MSG004,CdtTrfTxInf/InstdAgt/FinInstnId/BICFI,InstdAgt,{2:} receiver LT,DIRECT
MSG004,CdtTrfTxInf/IntrmyAgt1/FinInstnId/BICFI,IntrmyAgt1,:56A:,DIRECT
MSG004,CdtTrfTxInf/Dbtr/Nm,Dbtr,:50K: line 1,DIRECT
MSG004,CdtTrfTxInf/Dbtr/PstlAdr/StrtNm,Dbtr,:50K:,PARSED
MSG004,CdtTrfTxInf/Dbtr/PstlAdr/BldgNb,Dbtr,:50K:,PARSED
MSG004,CdtTrfTxInf/Dbtr/PstlAdr/PstCd,Dbtr,:50K:,PARSED
MSG004,CdtTrfTxInf/Dbtr/PstlAdr/TwnNm,Dbtr,:50K:,PARSED
MSG004,CdtTrfTxInf/Dbtr/PstlAdr/CtrySubDvsn,Dbtr,:50K:,PARSED
MSG004,CdtTrfTxInf/Dbtr/PstlAdr/Ctry,Dbtr,:50K:,PARSED
MSG004,CdtTrfTxInf/DbtrAcct/Id/Othr/Id,DbtrAcct,:50K: account line,DIRECT
MSG004,CdtTrfTxInf/DbtrAgt/FinInstnId/BICFI,DbtrAgt,:52A:,DIRECT
MSG004,CdtTrfTxInf/CdtrAgt/FinInstnId/BICFI,CdtrAgt,:57A:,DIRECT
MSG004,CdtTrfTxInf/Cdtr/Nm,Cdtr,:59: line 1,DIRECT
MSG004,CdtTrfTxInf/Cdtr/PstlAdr/TwnNm,Cdtr,:59:,PARSED
MSG004,CdtTrfTxInf/Cdtr/PstlAdr/Ctry,Cdtr,:59:,PARSED
MSG004,CdtTrfTxInf/Cdtr/PstlAdr/AdrLine,Cdtr,:59:,FREETEXT
MSG004,CdtTrfTxInf/CdtrAcct/Id/IBAN,CdtrAcct,:59: account line,DIRECT
MSG004,CdtTrfTxInf/RmtInf/Ustrd,RmtInf,:70:,FREETEXT
MSG005,GrpHdr/MsgId,GrpHdr,:20:,DIRECT
MSG005,GrpHdr/CreDtTm,GrpHdr,conversion time,INFERRED
MSG005,GrpHdr/NbOfTxs,GrpHdr,structure,INFERRED
MSG005,GrpHdr/SttlmInf/SttlmMtd,GrpHdr,:53A:/:54A: presence,INFERRED
MSG005,CdtTrfTxInf/PmtId/InstrId,PmtId,:20:,DIRECT
MSG005,CdtTrfTxInf/PmtId/EndToEndId,PmtId,no /ROC/ in :70:,INFERRED
MSG005,CdtTrfTxInf/PmtId/TxId,PmtId,:20:,DIRECT
MSG005,CdtTrfTxInf/PmtId/UETR,PmtId,{3:{121:}},DIRECT
MSG005,CdtTrfTxInf/PmtTpInf/SvcLvl/Prtry,PmtTpInf,:23B:,CODE
MSG005,CdtTrfTxInf/IntrBkSttlmAmt,IntrBkSttlmAmt,:32A:,DIRECT
MSG005,CdtTrfTxInf/IntrBkSttlmDt,IntrBkSttlmDt,:32A:,DIRECT
MSG005,CdtTrfTxInf/ChrgBr,ChrgBr,:71A:,CODE
MSG005,CdtTrfTxInf/InstgAgt/FinInstnId/BICFI,InstgAgt,{1:} sender LT,DIRECT
MSG005,CdtTrfTxInf/InstdAgt/FinInstnId/BICFI,InstdAgt,{2:} receiver LT,DIRECT
MSG005,CdtTrfTxInf/Dbtr/Nm,Dbtr,:50K: line 1,DIRECT
MSG005,CdtTrfTxInf/Dbtr/PstlAdr/TwnNm,Dbtr,:50K:,PARSED
MSG005,CdtTrfTxInf/Dbtr/PstlAdr/Ctry,Dbtr,:50K:,PARSED
MSG005,CdtTrfTxInf/Dbtr/PstlAdr/AdrLine,Dbtr,:50K:,FREETEXT
MSG005,CdtTrfTxInf/DbtrAcct/Id/IBAN,DbtrAcct,:50K: account line,DIRECT
MSG005,CdtTrfTxInf/DbtrAgt/FinInstnId/BICFI,DbtrAgt,:52A:,DIRECT
MSG005,CdtTrfTxInf/CdtrAgt/FinInstnId/BICFI,CdtrAgt,:57A:,DIRECT
MSG005,CdtTrfTxInf/Cdtr/Nm,Cdtr,:59: line 1,DIRECT
MSG005,CdtTrfTxInf/Cdtr/PstlAdr/TwnNm,Cdtr,:59:,PARSED
MSG005,CdtTrfTxInf/Cdtr/PstlAdr/Ctry,Cdtr,:59:,PARSED
MSG005,CdtTrfTxInf/Cdtr/PstlAdr/AdrLine,Cdtr,:59:,FREETEXT
MSG005,CdtTrfTxInf/CdtrAcct/Id/IBAN,CdtrAcct,:59: account line,DIRECT
MSG005,CdtTrfTxInf/RmtInf/Ustrd,RmtInf,:70:,FREETEXT
MSG005,CdtTrfTxInf/RmtInf/Strd/RfrdDocInf/Tp/CdOrPrtry/Cd,RmtInf,:70: /INV/,CODE
MSG005,CdtTrfTxInf/RmtInf/Strd/RfrdDocInf/Nb,RmtInf,:70: /INV/,CODE
MSG006,GrpHdr/MsgId,GrpHdr,:20:,DIRECT
MSG006,GrpHdr/CreDtTm,GrpHdr,conversion time,INFERRED
MSG006,GrpHdr/NbOfTxs,GrpHdr,structure,INFERRED
MSG006,GrpHdr/SttlmInf/SttlmMtd,GrpHdr,:53A:/:54A: presence,INFERRED
MSG006,CdtTrfTxInf/PmtId/InstrId,PmtId,:20:,DIRECT
MSG006,CdtTrfTxInf/PmtId/EndToEndId,PmtId,no /ROC/ in :70:,INFERRED
MSG006,CdtTrfTxInf/PmtId/TxId,PmtId,:20:,DIRECT
MSG006,CdtTrfTxInf/PmtId/UETR,PmtId,{3:{121:}},DIRECT
MSG006,CdtTrfTxInf/IntrBkSttlmAmt,IntrBkSttlmAmt,:32A:,DIRECT
MSG006,CdtTrfTxInf/IntrBkSttlmDt,IntrBkSttlmDt,:32A:,DIRECT
MSG006,CdtTrfTxInf/ChrgBr,ChrgBr,:71A:,CODE
MSG006,CdtTrfTxInf/ChrgsInf/Amt,ChrgsInf,:71G:,DIRECT
MSG006,CdtTrfTxInf/ChrgsInf/Agt/FinInstnId/BICFI,ChrgsInf,71G: agent not stated; header BIC assumed,INFERRED
MSG006,CdtTrfTxInf/InstgAgt/FinInstnId/BICFI,InstgAgt,{1:} sender LT,DIRECT
MSG006,CdtTrfTxInf/InstdAgt/FinInstnId/BICFI,InstdAgt,{2:} receiver LT,DIRECT
MSG006,CdtTrfTxInf/Dbtr/Nm,Dbtr,:50K: line 1,DIRECT
MSG006,CdtTrfTxInf/Dbtr/PstlAdr/StrtNm,Dbtr,:50K:,PARSED
MSG006,CdtTrfTxInf/Dbtr/PstlAdr/BldgNb,Dbtr,:50K:,PARSED
MSG006,CdtTrfTxInf/Dbtr/PstlAdr/TwnNm,Dbtr,:50K:,PARSED
MSG006,CdtTrfTxInf/Dbtr/PstlAdr/Ctry,Dbtr,:50K:,PARSED
MSG006,CdtTrfTxInf/DbtrAcct/Id/Othr/Id,DbtrAcct,:50K: account line,DIRECT
MSG006,CdtTrfTxInf/DbtrAgt/FinInstnId/BICFI,DbtrAgt,:52a: absent; sender BIC assumed,INFERRED
MSG006,CdtTrfTxInf/CdtrAgt/FinInstnId/BICFI,CdtrAgt,:57A:,DIRECT
MSG006,CdtTrfTxInf/Cdtr/Nm,Cdtr,:59: line 1,DIRECT
MSG006,CdtTrfTxInf/Cdtr/PstlAdr/PstCd,Cdtr,:59:,PARSED
MSG006,CdtTrfTxInf/Cdtr/PstlAdr/TwnNm,Cdtr,:59:,PARSED
MSG006,CdtTrfTxInf/Cdtr/PstlAdr/Ctry,Cdtr,:59:,PARSED
MSG006,CdtTrfTxInf/Cdtr/PstlAdr/AdrLine,Cdtr,:59:,FREETEXT
MSG006,CdtTrfTxInf/CdtrAcct/Id/IBAN,CdtrAcct,:59: account line,DIRECT
MSG006,CdtTrfTxInf/InstrForNxtAgt/InstrInf,InstrForNxtAgt,:72:,FREETEXT
MSG006,CdtTrfTxInf/InstrForNxtAgt/InstrInf,InstrForNxtAgt,:72:,FREETEXT
MSG006,CdtTrfTxInf/RmtInf/Ustrd,RmtInf,:70:,FREETEXT
MSG007,GrpHdr/MsgId,GrpHdr,:20:,DIRECT
MSG007,GrpHdr/CreDtTm,GrpHdr,conversion time,INFERRED
MSG007,GrpHdr/NbOfTxs,GrpHdr,structure,INFERRED
MSG007,GrpHdr/SttlmInf/SttlmMtd,GrpHdr,:53A:/:54A: presence,INFERRED
MSG007,CdtTrfTxInf/PmtId/InstrId,PmtId,:20:,DIRECT
MSG007,CdtTrfTxInf/PmtId/EndToEndId,PmtId,no /ROC/ in :70:,INFERRED
MSG007,CdtTrfTxInf/PmtId/TxId,PmtId,:20:,DIRECT
MSG007,CdtTrfTxInf/PmtId/UETR,PmtId,generated by translator,INFERRED
MSG007,CdtTrfTxInf/PmtTpInf/SvcLvl/Prtry,PmtTpInf,:23B:,CODE
MSG007,CdtTrfTxInf/IntrBkSttlmAmt,IntrBkSttlmAmt,:32A:,DIRECT
MSG007,CdtTrfTxInf/IntrBkSttlmDt,IntrBkSttlmDt,:32A:,DIRECT
MSG007,CdtTrfTxInf/ChrgBr,ChrgBr,:71A:,CODE
MSG007,CdtTrfTxInf/InstgAgt/FinInstnId/BICFI,InstgAgt,{1:} sender LT,DIRECT
MSG007,CdtTrfTxInf/InstdAgt/FinInstnId/BICFI,InstdAgt,{2:} receiver LT,DIRECT
MSG007,CdtTrfTxInf/IntrmyAgt1/FinInstnId/BICFI,IntrmyAgt1,:56A:,DIRECT
MSG007,CdtTrfTxInf/Dbtr/Nm,Dbtr,:50K: line 1,DIRECT
MSG007,CdtTrfTxInf/Dbtr/PstlAdr/StrtNm,Dbtr,:50K:,PARSED
MSG007,CdtTrfTxInf/Dbtr/PstlAdr/BldgNb,Dbtr,:50K:,PARSED
MSG007,CdtTrfTxInf/Dbtr/PstlAdr/PstCd,Dbtr,:50K:,PARSED
MSG007,CdtTrfTxInf/Dbtr/PstlAdr/TwnNm,Dbtr,:50K:,PARSED
MSG007,CdtTrfTxInf/Dbtr/PstlAdr/Ctry,Dbtr,:50K:,PARSED
MSG007,CdtTrfTxInf/DbtrAcct/Id/IBAN,DbtrAcct,:50K: account line,DIRECT
MSG007,CdtTrfTxInf/DbtrAgt/FinInstnId/BICFI,DbtrAgt,:52a: absent; sender BIC assumed,INFERRED
MSG007,CdtTrfTxInf/CdtrAgt/FinInstnId/BICFI,CdtrAgt,:57a: absent; receiver BIC assumed,INFERRED
MSG007,CdtTrfTxInf/Cdtr/Nm,Cdtr,:59: line 1,DIRECT
MSG007,CdtTrfTxInf/Cdtr/PstlAdr/TwnNm,Cdtr,:59:,PARSED
MSG007,CdtTrfTxInf/Cdtr/PstlAdr/Ctry,Cdtr,:59:,PARSED
MSG007,CdtTrfTxInf/Cdtr/PstlAdr/AdrLine,Cdtr,:59:,FREETEXT
MSG007,CdtTrfTxInf/CdtrAcct/Id/IBAN,CdtrAcct,:59: account line,DIRECT
MSG007,CdtTrfTxInf/RmtInf/Ustrd,RmtInf,:70:,FREETEXT
MSG007,CdtTrfTxInf/RmtInf/Strd/RfrdDocInf/Tp/CdOrPrtry/Cd,RmtInf,:70: /INV/,CODE
MSG007,CdtTrfTxInf/RmtInf/Strd/RfrdDocInf/Nb,RmtInf,:70: /INV/,CODE
MSG008,GrpHdr/MsgId,GrpHdr,:20:,DIRECT
MSG008,GrpHdr/CreDtTm,GrpHdr,conversion time,INFERRED
MSG008,GrpHdr/NbOfTxs,GrpHdr,structure,INFERRED
MSG008,GrpHdr/SttlmInf/SttlmMtd,GrpHdr,:53A:/:54A: presence,INFERRED
MSG008,CdtTrfTxInf/PmtId/InstrId,PmtId,:20:,DIRECT
MSG008,CdtTrfTxInf/PmtId/EndToEndId,PmtId,no /ROC/ in :70:,INFERRED
MSG008,CdtTrfTxInf/PmtId/TxId,PmtId,:20:,DIRECT
MSG008,CdtTrfTxInf/PmtId/UETR,PmtId,generated by translator,INFERRED
MSG008,CdtTrfTxInf/IntrBkSttlmAmt,IntrBkSttlmAmt,:32A:,DIRECT
MSG008,CdtTrfTxInf/IntrBkSttlmDt,IntrBkSttlmDt,:32A:,DIRECT
MSG008,CdtTrfTxInf/ChrgBr,ChrgBr,:71A:,CODE
MSG008,CdtTrfTxInf/ChrgsInf/Amt,ChrgsInf,:71F:,DIRECT
MSG008,CdtTrfTxInf/ChrgsInf/Agt/FinInstnId/BICFI,ChrgsInf,71F: agent not stated; header BIC assumed,INFERRED
MSG008,CdtTrfTxInf/InstgAgt/FinInstnId/BICFI,InstgAgt,{1:} sender LT,DIRECT
MSG008,CdtTrfTxInf/InstdAgt/FinInstnId/BICFI,InstdAgt,{2:} receiver LT,DIRECT
MSG008,CdtTrfTxInf/Dbtr/Nm,Dbtr,:50K: line 1,DIRECT
MSG008,CdtTrfTxInf/Dbtr/PstlAdr/TwnNm,Dbtr,:50K:,PARSED
MSG008,CdtTrfTxInf/Dbtr/PstlAdr/Ctry,Dbtr,:50K:,PARSED
MSG008,CdtTrfTxInf/Dbtr/PstlAdr/AdrLine,Dbtr,:50K:,FREETEXT
MSG008,CdtTrfTxInf/DbtrAcct/Id/IBAN,DbtrAcct,:50K: account line,DIRECT
MSG008,CdtTrfTxInf/DbtrAgt/FinInstnId/BICFI,DbtrAgt,:52A:,DIRECT
MSG008,CdtTrfTxInf/CdtrAgt/FinInstnId/BICFI,CdtrAgt,:57a: absent; receiver BIC assumed,INFERRED
MSG008,CdtTrfTxInf/Cdtr/Nm,Cdtr,:59: line 1,DIRECT
MSG008,CdtTrfTxInf/Cdtr/PstlAdr/StrtNm,Cdtr,:59:,PARSED
MSG008,CdtTrfTxInf/Cdtr/PstlAdr/BldgNb,Cdtr,:59:,PARSED
MSG008,CdtTrfTxInf/Cdtr/PstlAdr/PstCd,Cdtr,:59:,PARSED
MSG008,CdtTrfTxInf/Cdtr/PstlAdr/TwnNm,Cdtr,:59:,PARSED
MSG008,CdtTrfTxInf/Cdtr/PstlAdr/Ctry,Cdtr,:59:,PARSED
MSG008,CdtTrfTxInf/CdtrAcct/Id/IBAN,CdtrAcct,:59: account line,DIRECT
MSG008,CdtTrfTxInf/RmtInf/Ustrd,RmtInf,:70:,FREETEXT
MSG008,CdtTrfTxInf/RmtInf/Strd/RfrdDocInf/Tp/CdOrPrtry/Cd,RmtInf,:70: /INV/,CODE
MSG008,CdtTrfTxInf/RmtInf/Strd/RfrdDocInf/Nb,RmtInf,:70: /INV/,CODE
MSG009,GrpHdr/MsgId,GrpHdr,:20:,DIRECT
MSG009,GrpHdr/CreDtTm,GrpHdr,conversion time,INFERRED
MSG009,GrpHdr/NbOfTxs,GrpHdr,structure,INFERRED
MSG009,GrpHdr/SttlmInf/SttlmMtd,GrpHdr,:53A:/:54A: presence,INFERRED
MSG009,GrpHdr/SttlmInf/InstgRmbrsmntAgt/FinInstnId/BICFI,GrpHdr,:53A:,DIRECT
MSG009,CdtTrfTxInf/PmtId/InstrId,PmtId,:20:,DIRECT
MSG009,CdtTrfTxInf/PmtId/EndToEndId,PmtId,no /ROC/ in :70:,INFERRED
MSG009,CdtTrfTxInf/PmtId/TxId,PmtId,:20:,DIRECT
MSG009,CdtTrfTxInf/PmtId/UETR,PmtId,{3:{121:}},DIRECT
MSG009,CdtTrfTxInf/IntrBkSttlmAmt,IntrBkSttlmAmt,:32A:,DIRECT
MSG009,CdtTrfTxInf/IntrBkSttlmDt,IntrBkSttlmDt,:32A:,DIRECT
MSG009,CdtTrfTxInf/InstdAmt,InstdAmt,:33B:,DIRECT
MSG009,CdtTrfTxInf/ChrgBr,ChrgBr,:71A:,CODE
MSG009,CdtTrfTxInf/InstgAgt/FinInstnId/BICFI,InstgAgt,{1:} sender LT,DIRECT
MSG009,CdtTrfTxInf/InstdAgt/FinInstnId/BICFI,InstdAgt,{2:} receiver LT,DIRECT
MSG009,CdtTrfTxInf/Dbtr/Nm,Dbtr,:50K: line 1,DIRECT
MSG009,CdtTrfTxInf/Dbtr/PstlAdr/PstCd,Dbtr,:50K:,PARSED
MSG009,CdtTrfTxInf/Dbtr/PstlAdr/TwnNm,Dbtr,:50K:,PARSED
MSG009,CdtTrfTxInf/Dbtr/PstlAdr/Ctry,Dbtr,:50K:,PARSED
MSG009,CdtTrfTxInf/Dbtr/PstlAdr/AdrLine,Dbtr,:50K:,FREETEXT
MSG009,CdtTrfTxInf/DbtrAcct/Id/IBAN,DbtrAcct,:50K: account line,DIRECT
MSG009,CdtTrfTxInf/DbtrAgt/FinInstnId/BICFI,DbtrAgt,:52a: absent; sender BIC assumed,INFERRED
MSG009,CdtTrfTxInf/CdtrAgt/FinInstnId/BICFI,CdtrAgt,:57A:,DIRECT
MSG009,CdtTrfTxInf/Cdtr/Nm,Cdtr,:59: line 1,DIRECT
MSG009,CdtTrfTxInf/Cdtr/PstlAdr/PstCd,Cdtr,:59:,PARSED
MSG009,CdtTrfTxInf/Cdtr/PstlAdr/TwnNm,Cdtr,:59:,PARSED
MSG009,CdtTrfTxInf/Cdtr/PstlAdr/Ctry,Cdtr,:59:,PARSED
MSG009,CdtTrfTxInf/Cdtr/PstlAdr/AdrLine,Cdtr,:59:,FREETEXT
MSG009,CdtTrfTxInf/CdtrAcct/Id/Othr/Id,CdtrAcct,:59: account line,DIRECT
MSG009,CdtTrfTxInf/InstrForNxtAgt/InstrInf,InstrForNxtAgt,:72:,FREETEXT
MSG009,CdtTrfTxInf/InstrForNxtAgt/InstrInf,InstrForNxtAgt,:72:,FREETEXT
MSG009,CdtTrfTxInf/RmtInf/Ustrd,RmtInf,:70:,FREETEXT
MSG009,CdtTrfTxInf/RmtInf/Strd/RfrdDocInf/Tp/CdOrPrtry/Cd,RmtInf,:70: /INV/,CODE
MSG009,CdtTrfTxInf/RmtInf/Strd/RfrdDocInf/Nb,RmtInf,:70: /INV/,CODE
MSG010,GrpHdr/MsgId,GrpHdr,:20:,DIRECT
MSG010,GrpHdr/CreDtTm,GrpHdr,conversion time,INFERRED
MSG010,GrpHdr/NbOfTxs,GrpHdr,structure,INFERRED
MSG010,GrpHdr/SttlmInf/SttlmMtd,GrpHdr,:53A:/:54A: presence,INFERRED
MSG010,CdtTrfTxInf/PmtId/InstrId,PmtId,:20:,DIRECT
MSG010,CdtTrfTxInf/PmtId/EndToEndId,PmtId,no /ROC/ in :70:,INFERRED
MSG010,CdtTrfTxInf/PmtId/TxId,PmtId,:20:,DIRECT
MSG010,CdtTrfTxInf/PmtId/UETR,PmtId,{3:{121:}},DIRECT
MSG010,CdtTrfTxInf/IntrBkSttlmAmt,IntrBkSttlmAmt,:32A:,DIRECT
MSG010,CdtTrfTxInf/IntrBkSttlmDt,IntrBkSttlmDt,:32A:,DIRECT
MSG010,CdtTrfTxInf/ChrgBr,ChrgBr,:71A:,CODE
MSG010,CdtTrfTxInf/InstgAgt/FinInstnId/BICFI,InstgAgt,{1:} sender LT,DIRECT
MSG010,CdtTrfTxInf/InstdAgt/FinInstnId/BICFI,InstdAgt,{2:} receiver LT,DIRECT
MSG010,CdtTrfTxInf/Dbtr/Nm,Dbtr,:50K: line 1,DIRECT
MSG010,CdtTrfTxInf/Dbtr/PstlAdr/StrtNm,Dbtr,:50K:,PARSED
MSG010,CdtTrfTxInf/Dbtr/PstlAdr/BldgNb,Dbtr,:50K:,PARSED
MSG010,CdtTrfTxInf/Dbtr/PstlAdr/PstCd,Dbtr,:50K:,PARSED
MSG010,CdtTrfTxInf/Dbtr/PstlAdr/TwnNm,Dbtr,:50K:,PARSED
MSG010,CdtTrfTxInf/Dbtr/PstlAdr/CtrySubDvsn,Dbtr,:50K:,PARSED
MSG010,CdtTrfTxInf/Dbtr/PstlAdr/Ctry,Dbtr,:50K:,PARSED
MSG010,CdtTrfTxInf/DbtrAcct/Id/Othr/Id,DbtrAcct,:50K: account line,DIRECT
MSG010,CdtTrfTxInf/DbtrAgt/FinInstnId/BICFI,DbtrAgt,:52A:,DIRECT
MSG010,CdtTrfTxInf/CdtrAgt/FinInstnId/BICFI,CdtrAgt,:57a: absent; receiver BIC assumed,INFERRED
MSG010,CdtTrfTxInf/Cdtr/Nm,Cdtr,:59: line 1,DIRECT
MSG010,CdtTrfTxInf/Cdtr/PstlAdr/AdrLine,Cdtr,:59:,FREETEXT
MSG010,CdtTrfTxInf/Cdtr/PstlAdr/AdrLine,Cdtr,:59:,FREETEXT
MSG010,CdtTrfTxInf/CdtrAcct/Id/IBAN,CdtrAcct,:59: account line,DIRECT
MSG010,CdtTrfTxInf/RmtInf/Ustrd,RmtInf,:70:,FREETEXT
MSG010,CdtTrfTxInf/RmtInf/Strd/CdtrRefInf/Ref,RmtInf,:70: /RFB/,CODE
MSG011,GrpHdr/MsgId,GrpHdr,:20:,DIRECT
MSG011,GrpHdr/CreDtTm,GrpHdr,conversion time,INFERRED
MSG011,GrpHdr/NbOfTxs,GrpHdr,structure,INFERRED
MSG011,GrpHdr/SttlmInf/SttlmMtd,GrpHdr,:53A:/:54A: presence,INFERRED
MSG011,CdtTrfTxInf/PmtId/InstrId,PmtId,:20:,DIRECT
MSG011,CdtTrfTxInf/PmtId/EndToEndId,PmtId,no /ROC/ in :70:,INFERRED
MSG011,CdtTrfTxInf/PmtId/TxId,PmtId,:20:,DIRECT
MSG011,CdtTrfTxInf/PmtId/UETR,PmtId,{3:{121:}},DIRECT
MSG011,CdtTrfTxInf/IntrBkSttlmAmt,IntrBkSttlmAmt,:32A:,DIRECT
MSG011,CdtTrfTxInf/IntrBkSttlmDt,IntrBkSttlmDt,:32A:,DIRECT
MSG011,CdtTrfTxInf/ChrgBr,ChrgBr,:71A:,CODE
MSG011,CdtTrfTxInf/InstgAgt/FinInstnId/BICFI,InstgAgt,{1:} sender LT,DIRECT
MSG011,CdtTrfTxInf/InstdAgt/FinInstnId/BICFI,InstdAgt,{2:} receiver LT,DIRECT
MSG011,CdtTrfTxInf/Dbtr/Nm,Dbtr,:50K: line 1,DIRECT
MSG011,CdtTrfTxInf/Dbtr/PstlAdr/PstCd,Dbtr,:50K:,PARSED
MSG011,CdtTrfTxInf/Dbtr/PstlAdr/TwnNm,Dbtr,:50K:,PARSED
MSG011,CdtTrfTxInf/Dbtr/PstlAdr/Ctry,Dbtr,:50K:,PARSED
MSG011,CdtTrfTxInf/Dbtr/PstlAdr/AdrLine,Dbtr,:50K:,FREETEXT
MSG011,CdtTrfTxInf/DbtrAcct/Id/IBAN,DbtrAcct,:50K: account line,DIRECT
MSG011,CdtTrfTxInf/DbtrAgt/FinInstnId/BICFI,DbtrAgt,:52a: absent; sender BIC assumed,INFERRED
MSG011,CdtTrfTxInf/CdtrAgt/FinInstnId/BICFI,CdtrAgt,:57a: absent; receiver BIC assumed,INFERRED
MSG011,CdtTrfTxInf/Cdtr/Nm,Cdtr,:59: line 1,DIRECT
MSG011,CdtTrfTxInf/Cdtr/PstlAdr/PstCd,Cdtr,:59:,PARSED
MSG011,CdtTrfTxInf/Cdtr/PstlAdr/TwnNm,Cdtr,:59:,PARSED
MSG011,CdtTrfTxInf/Cdtr/PstlAdr/Ctry,Cdtr,:59:,PARSED
MSG011,CdtTrfTxInf/Cdtr/PstlAdr/AdrLine,Cdtr,:59:,FREETEXT
MSG011,CdtTrfTxInf/CdtrAcct/Id/IBAN,CdtrAcct,:59: account line,DIRECT
MSG011,CdtTrfTxInf/RmtInf/Ustrd,RmtInf,:70:,FREETEXT
MSG011,CdtTrfTxInf/RmtInf/Strd/RfrdDocInf/Tp/CdOrPrtry/Cd,RmtInf,:70: /INV/,CODE
MSG011,CdtTrfTxInf/RmtInf/Strd/RfrdDocInf/Nb,RmtInf,:70: /INV/,CODE
MSG012,GrpHdr/MsgId,GrpHdr,:20:,DIRECT
MSG012,GrpHdr/CreDtTm,GrpHdr,conversion time,INFERRED
MSG012,GrpHdr/NbOfTxs,GrpHdr,structure,INFERRED
MSG012,GrpHdr/SttlmInf/SttlmMtd,GrpHdr,:53A:/:54A: presence,INFERRED
MSG012,CdtTrfTxInf/PmtId/InstrId,PmtId,:20:,DIRECT
MSG012,CdtTrfTxInf/PmtId/EndToEndId,PmtId,no /ROC/ in :70:,INFERRED
MSG012,CdtTrfTxInf/PmtId/TxId,PmtId,:20:,DIRECT
MSG012,CdtTrfTxInf/PmtId/UETR,PmtId,{3:{121:}},DIRECT
MSG012,CdtTrfTxInf/PmtTpInf/SvcLvl/Prtry,PmtTpInf,:23B:,CODE
MSG012,CdtTrfTxInf/IntrBkSttlmAmt,IntrBkSttlmAmt,:32A:,DIRECT
MSG012,CdtTrfTxInf/IntrBkSttlmDt,IntrBkSttlmDt,:32A:,DIRECT
MSG012,CdtTrfTxInf/ChrgBr,ChrgBr,:71A:,CODE
MSG012,CdtTrfTxInf/InstgAgt/FinInstnId/BICFI,InstgAgt,{1:} sender LT,DIRECT
MSG012,CdtTrfTxInf/InstdAgt/FinInstnId/BICFI,InstdAgt,{2:} receiver LT,DIRECT
MSG012,CdtTrfTxInf/Dbtr/Nm,Dbtr,:50K: line 1,DIRECT
MSG012,CdtTrfTxInf/Dbtr/PstlAdr/StrtNm,Dbtr,:50K:,PARSED
MSG012,CdtTrfTxInf/Dbtr/PstlAdr/BldgNb,Dbtr,:50K:,PARSED
MSG012,CdtTrfTxInf/Dbtr/PstlAdr/PstCd,Dbtr,:50K:,PARSED
MSG012,CdtTrfTxInf/Dbtr/PstlAdr/TwnNm,Dbtr,:50K:,PARSED
MSG012,CdtTrfTxInf/Dbtr/PstlAdr/Ctry,Dbtr,:50K:,PARSED
MSG012,CdtTrfTxInf/DbtrAcct/Id/IBAN,DbtrAcct,:50K: account line,DIRECT
MSG012,CdtTrfTxInf/DbtrAgt/FinInstnId/BICFI,DbtrAgt,:52A:,DIRECT
MSG012,CdtTrfTxInf/CdtrAgt/FinInstnId/BICFI,CdtrAgt,:57a: absent; receiver BIC assumed,INFERRED
MSG012,CdtTrfTxInf/Cdtr/Nm,Cdtr,:59: line 1,DIRECT
MSG012,CdtTrfTxInf/Cdtr/PstlAdr/StrtNm,Cdtr,:59:,PARSED
MSG012,CdtTrfTxInf/Cdtr/PstlAdr/BldgNb,Cdtr,:59:,PARSED
MSG012,CdtTrfTxInf/Cdtr/PstlAdr/PstCd,Cdtr,:59:,PARSED
MSG012,CdtTrfTxInf/Cdtr/PstlAdr/TwnNm,Cdtr,:59:,PARSED
MSG012,CdtTrfTxInf/Cdtr/PstlAdr/Ctry,Cdtr,:59:,PARSED
MSG012,CdtTrfTxInf/CdtrAcct/Id/IBAN,CdtrAcct,:59: account line,DIRECT
MSG012,CdtTrfTxInf/RmtInf/Ustrd,RmtInf,:70:,FREETEXT
MSG014,GrpHdr/MsgId,GrpHdr,:20:,DIRECT
MSG014,GrpHdr/CreDtTm,GrpHdr,conversion time,INFERRED
MSG014,GrpHdr/NbOfTxs,GrpHdr,structure,INFERRED
MSG014,GrpHdr/SttlmInf/SttlmMtd,GrpHdr,:53A:/:54A: presence,INFERRED
MSG014,CdtTrfTxInf/PmtId/InstrId,PmtId,:20:,DIRECT
MSG014,CdtTrfTxInf/PmtId/EndToEndId,PmtId,no /ROC/ in :70:,INFERRED
MSG014,CdtTrfTxInf/PmtId/TxId,PmtId,:20:,DIRECT
MSG014,CdtTrfTxInf/PmtId/UETR,PmtId,{3:{121:}},DIRECT
MSG014,CdtTrfTxInf/IntrBkSttlmAmt,IntrBkSttlmAmt,:32A:,DIRECT
MSG014,CdtTrfTxInf/IntrBkSttlmDt,IntrBkSttlmDt,:32A:,DIRECT
MSG014,CdtTrfTxInf/ChrgBr,ChrgBr,:71A:,CODE
MSG014,CdtTrfTxInf/InstgAgt/FinInstnId/BICFI,InstgAgt,{1:} sender LT,DIRECT
MSG014,CdtTrfTxInf/InstdAgt/FinInstnId/BICFI,InstdAgt,{2:} receiver LT,DIRECT
MSG014,CdtTrfTxInf/Dbtr/Nm,Dbtr,:50K: line 1,DIRECT
MSG014,CdtTrfTxInf/Dbtr/PstlAdr/TwnNm,Dbtr,:50K:,PARSED
MSG014,CdtTrfTxInf/Dbtr/PstlAdr/Ctry,Dbtr,:50K:,PARSED
MSG014,CdtTrfTxInf/Dbtr/PstlAdr/AdrLine,Dbtr,:50K:,FREETEXT
MSG014,CdtTrfTxInf/DbtrAcct/Id/Othr/Id,DbtrAcct,:50K: account line,DIRECT
MSG014,CdtTrfTxInf/DbtrAgt/FinInstnId/BICFI,DbtrAgt,:52a: absent; sender BIC assumed,INFERRED
MSG014,CdtTrfTxInf/CdtrAgt/FinInstnId/BICFI,CdtrAgt,:57a: absent; receiver BIC assumed,INFERRED
MSG014,CdtTrfTxInf/Cdtr/Nm,Cdtr,:59: line 1,DIRECT
MSG014,CdtTrfTxInf/Cdtr/PstlAdr/TwnNm,Cdtr,:59:,PARSED
MSG014,CdtTrfTxInf/Cdtr/PstlAdr/Ctry,Cdtr,:59:,PARSED
MSG014,CdtTrfTxInf/Cdtr/PstlAdr/AdrLine,Cdtr,:59:,FREETEXT
MSG014,CdtTrfTxInf/CdtrAcct/Id/Othr/Id,CdtrAcct,:59: account line,DIRECT
MSG014,CdtTrfTxInf/RgltryRptg/Dtls/Inf,RgltryRptg,:77B:,FREETEXT
MSG014,CdtTrfTxInf/RmtInf/Ustrd,RmtInf,:70:,FREETEXT
MSG014,CdtTrfTxInf/RmtInf/Strd/RfrdDocInf/Tp/CdOrPrtry/Cd,RmtInf,:70: /INV/,CODE
MSG014,CdtTrfTxInf/RmtInf/Strd/RfrdDocInf/Nb,RmtInf,:70: /INV/,CODE
MSG015,GrpHdr/MsgId,GrpHdr,:20:,DIRECT
MSG015,GrpHdr/CreDtTm,GrpHdr,conversion time,INFERRED
MSG015,GrpHdr/NbOfTxs,GrpHdr,structure,INFERRED
MSG015,GrpHdr/SttlmInf/SttlmMtd,GrpHdr,:53A:/:54A: presence,INFERRED
MSG015,CdtTrfTxInf/PmtId/InstrId,PmtId,:20:,DIRECT
MSG015,CdtTrfTxInf/PmtId/EndToEndId,PmtId,no /ROC/ in :70:,INFERRED
MSG015,CdtTrfTxInf/PmtId/TxId,PmtId,:20:,DIRECT
MSG015,CdtTrfTxInf/PmtId/UETR,PmtId,generated by translator,INFERRED
MSG015,CdtTrfTxInf/IntrBkSttlmAmt,IntrBkSttlmAmt,:32A:,DIRECT
MSG015,CdtTrfTxInf/IntrBkSttlmDt,IntrBkSttlmDt,:32A:,DIRECT
MSG015,CdtTrfTxInf/ChrgBr,ChrgBr,:71A:,CODE
MSG015,CdtTrfTxInf/InstgAgt/FinInstnId/BICFI,InstgAgt,{1:} sender LT,DIRECT
MSG015,CdtTrfTxInf/InstdAgt/FinInstnId/BICFI,InstdAgt,{2:} receiver LT,DIRECT
MSG015,CdtTrfTxInf/Dbtr/Nm,Dbtr,:50F: 1/,DIRECT
MSG015,CdtTrfTxInf/Dbtr/PstlAdr/TwnNm,Dbtr,":50F: 2/,3/",DIRECT
MSG015,CdtTrfTxInf/Dbtr/PstlAdr/Ctry,Dbtr,":50F: 2/,3/",DIRECT
MSG015,CdtTrfTxInf/Dbtr/PstlAdr/AdrLine,Dbtr,":50F: 2/,3/",FREETEXT
MSG015,CdtTrfTxInf/DbtrAcct/Id/IBAN,DbtrAcct,:50F: account line,DIRECT
MSG015,CdtTrfTxInf/DbtrAgt/FinInstnId/BICFI,DbtrAgt,:52A:,DIRECT
MSG015,CdtTrfTxInf/CdtrAgt/FinInstnId/BICFI,CdtrAgt,:57A:,DIRECT
MSG015,CdtTrfTxInf/Cdtr/Nm,Cdtr,:59: line 1,DIRECT
MSG015,CdtTrfTxInf/Cdtr/PstlAdr/StrtNm,Cdtr,:59:,PARSED
MSG015,CdtTrfTxInf/Cdtr/PstlAdr/BldgNb,Cdtr,:59:,PARSED
MSG015,CdtTrfTxInf/Cdtr/PstlAdr/TwnNm,Cdtr,:59:,PARSED
MSG015,CdtTrfTxInf/Cdtr/PstlAdr/Ctry,Cdtr,:59:,PARSED
MSG015,CdtTrfTxInf/CdtrAcct/Id/IBAN,CdtrAcct,:59: account line,DIRECT
MSG015,CdtTrfTxInf/RmtInf/Ustrd,RmtInf,:70:,FREETEXT
MSG016,GrpHdr/MsgId,GrpHdr,:20:,DIRECT
MSG016,GrpHdr/CreDtTm,GrpHdr,conversion time,INFERRED
MSG016,GrpHdr/NbOfTxs,GrpHdr,structure,INFERRED
MSG016,GrpHdr/SttlmInf/SttlmMtd,GrpHdr,:53A:/:54A: presence,INFERRED
MSG016,CdtTrfTxInf/PmtId/InstrId,PmtId,:20:,DIRECT
MSG016,CdtTrfTxInf/PmtId/EndToEndId,PmtId,no /ROC/ in :70:,INFERRED
MSG016,CdtTrfTxInf/PmtId/TxId,PmtId,:20:,DIRECT
MSG016,CdtTrfTxInf/PmtId/UETR,PmtId,{3:{121:}},DIRECT
MSG016,CdtTrfTxInf/IntrBkSttlmAmt,IntrBkSttlmAmt,:32A:,DIRECT
MSG016,CdtTrfTxInf/IntrBkSttlmDt,IntrBkSttlmDt,:32A:,DIRECT
MSG016,CdtTrfTxInf/ChrgBr,ChrgBr,:71A:,CODE
MSG016,CdtTrfTxInf/ChrgsInf/Amt,ChrgsInf,:71F:,DIRECT
MSG016,CdtTrfTxInf/ChrgsInf/Agt/FinInstnId/BICFI,ChrgsInf,71F: agent not stated; header BIC assumed,INFERRED
MSG016,CdtTrfTxInf/InstgAgt/FinInstnId/BICFI,InstgAgt,{1:} sender LT,DIRECT
MSG016,CdtTrfTxInf/InstdAgt/FinInstnId/BICFI,InstdAgt,{2:} receiver LT,DIRECT
MSG016,CdtTrfTxInf/Dbtr/Nm,Dbtr,:50K: line 1,DIRECT
MSG016,CdtTrfTxInf/Dbtr/PstlAdr/StrtNm,Dbtr,:50K:,PARSED
MSG016,CdtTrfTxInf/Dbtr/PstlAdr/BldgNb,Dbtr,:50K:,PARSED
MSG016,CdtTrfTxInf/Dbtr/PstlAdr/PstCd,Dbtr,:50K:,PARSED
MSG016,CdtTrfTxInf/Dbtr/PstlAdr/TwnNm,Dbtr,:50K:,PARSED
MSG016,CdtTrfTxInf/Dbtr/PstlAdr/CtrySubDvsn,Dbtr,:50K:,PARSED
MSG016,CdtTrfTxInf/Dbtr/PstlAdr/Ctry,Dbtr,:50K:,PARSED
MSG016,CdtTrfTxInf/DbtrAcct/Id/Othr/Id,DbtrAcct,:50K: account line,DIRECT
MSG016,CdtTrfTxInf/DbtrAgt/FinInstnId/BICFI,DbtrAgt,:52a: absent; sender BIC assumed,INFERRED
MSG016,CdtTrfTxInf/CdtrAgt/FinInstnId/BICFI,CdtrAgt,:57A:,DIRECT
MSG016,CdtTrfTxInf/Cdtr/Nm,Cdtr,:59: line 1,DIRECT
MSG016,CdtTrfTxInf/Cdtr/PstlAdr/TwnNm,Cdtr,:59:,PARSED
MSG016,CdtTrfTxInf/Cdtr/PstlAdr/Ctry,Cdtr,:59:,PARSED
MSG016,CdtTrfTxInf/Cdtr/PstlAdr/AdrLine,Cdtr,:59:,FREETEXT
MSG016,CdtTrfTxInf/CdtrAcct/Id/IBAN,CdtrAcct,:59: account line,DIRECT
MSG016,CdtTrfTxInf/InstrForNxtAgt/InstrInf,InstrForNxtAgt,:72:,FREETEXT
MSG016,CdtTrfTxInf/InstrForNxtAgt/InstrInf,InstrForNxtAgt,:72:,FREETEXT
MSG016,CdtTrfTxInf/RmtInf/Ustrd,RmtInf,:70:,FREETEXT
MSG016,CdtTrfTxInf/RmtInf/Strd/CdtrRefInf/Ref,RmtInf,:70: /RFB/,CODE
MSG017,GrpHdr/MsgId,GrpHdr,:20:,DIRECT
MSG017,GrpHdr/CreDtTm,GrpHdr,conversion time,INFERRED
MSG017,GrpHdr/NbOfTxs,GrpHdr,structure,INFERRED
MSG017,GrpHdr/SttlmInf/SttlmMtd,GrpHdr,:53A:/:54A: presence,INFERRED
MSG017,CdtTrfTxInf/PmtId/InstrId,PmtId,:20:,DIRECT
MSG017,CdtTrfTxInf/PmtId/EndToEndId,PmtId,no /ROC/ in :70:,INFERRED
MSG017,CdtTrfTxInf/PmtId/TxId,PmtId,:20:,DIRECT
MSG017,CdtTrfTxInf/PmtId/UETR,PmtId,{3:{121:}},DIRECT
MSG017,CdtTrfTxInf/IntrBkSttlmAmt,IntrBkSttlmAmt,:32A:,DIRECT
MSG017,CdtTrfTxInf/IntrBkSttlmDt,IntrBkSttlmDt,:32A:,DIRECT
MSG017,CdtTrfTxInf/ChrgBr,ChrgBr,:71A:,CODE
MSG017,CdtTrfTxInf/InstgAgt/FinInstnId/BICFI,InstgAgt,{1:} sender LT,DIRECT
MSG017,CdtTrfTxInf/InstdAgt/FinInstnId/BICFI,InstdAgt,{2:} receiver LT,DIRECT
MSG017,CdtTrfTxInf/Dbtr/Nm,Dbtr,:50K: line 1,DIRECT
MSG017,CdtTrfTxInf/Dbtr/PstlAdr/TwnNm,Dbtr,:50K:,PARSED
MSG017,CdtTrfTxInf/Dbtr/PstlAdr/Ctry,Dbtr,:50K:,PARSED
MSG017,CdtTrfTxInf/Dbtr/PstlAdr/AdrLine,Dbtr,:50K:,FREETEXT
MSG017,CdtTrfTxInf/DbtrAcct/Id/IBAN,DbtrAcct,:50K: account line,DIRECT
MSG017,CdtTrfTxInf/DbtrAgt/FinInstnId/BICFI,DbtrAgt,:52A:,DIRECT
MSG017,CdtTrfTxInf/CdtrAgt/FinInstnId/BICFI,CdtrAgt,:57A:,DIRECT
MSG017,CdtTrfTxInf/Cdtr/Nm,Cdtr,:59: line 1,DIRECT
MSG017,CdtTrfTxInf/Cdtr/PstlAdr/TwnNm,Cdtr,:59:,PARSED
MSG017,CdtTrfTxInf/Cdtr/PstlAdr/Ctry,Cdtr,:59:,PARSED
MSG017,CdtTrfTxInf/Cdtr/PstlAdr/AdrLine,Cdtr,:59:,FREETEXT
MSG017,CdtTrfTxInf/CdtrAcct/Id/IBAN,CdtrAcct,:59: account line,DIRECT
MSG017,CdtTrfTxInf/RmtInf/Ustrd,RmtInf,:70:,FREETEXT
MSG017,CdtTrfTxInf/RmtInf/Strd/CdtrRefInf/Ref,RmtInf,:70: /RFB/,CODE
MSG018,GrpHdr/MsgId,GrpHdr,:20:,DIRECT
MSG018,GrpHdr/CreDtTm,GrpHdr,conversion time,INFERRED
MSG018,GrpHdr/NbOfTxs,GrpHdr,structure,INFERRED
MSG018,GrpHdr/SttlmInf/SttlmMtd,GrpHdr,:53A:/:54A: presence,INFERRED
MSG018,CdtTrfTxInf/PmtId/InstrId,PmtId,:20:,DIRECT
MSG018,CdtTrfTxInf/PmtId/EndToEndId,PmtId,no /ROC/ in :70:,INFERRED
MSG018,CdtTrfTxInf/PmtId/TxId,PmtId,:20:,DIRECT
MSG018,CdtTrfTxInf/PmtId/UETR,PmtId,{3:{121:}},DIRECT
MSG018,CdtTrfTxInf/IntrBkSttlmAmt,IntrBkSttlmAmt,:32A:,DIRECT
MSG018,CdtTrfTxInf/IntrBkSttlmDt,IntrBkSttlmDt,:32A:,DIRECT
MSG018,CdtTrfTxInf/ChrgBr,ChrgBr,:71A:,CODE
MSG018,CdtTrfTxInf/InstgAgt/FinInstnId/BICFI,InstgAgt,{1:} sender LT,DIRECT
MSG018,CdtTrfTxInf/InstdAgt/FinInstnId/BICFI,InstdAgt,{2:} receiver LT,DIRECT
MSG018,CdtTrfTxInf/Dbtr/Nm,Dbtr,:50K: line 1,DIRECT
MSG018,CdtTrfTxInf/Dbtr/PstlAdr/TwnNm,Dbtr,:50K:,PARSED
MSG018,CdtTrfTxInf/Dbtr/PstlAdr/Ctry,Dbtr,:50K:,PARSED
MSG018,CdtTrfTxInf/Dbtr/PstlAdr/AdrLine,Dbtr,:50K:,FREETEXT
MSG018,CdtTrfTxInf/DbtrAcct/Id/IBAN,DbtrAcct,:50K: account line,DIRECT
MSG018,CdtTrfTxInf/DbtrAgt/FinInstnId/BICFI,DbtrAgt,:52A:,DIRECT
MSG018,CdtTrfTxInf/CdtrAgt/FinInstnId/BICFI,CdtrAgt,:57A:,DIRECT
MSG018,CdtTrfTxInf/Cdtr/Nm,Cdtr,:59: line 1,DIRECT
MSG018,CdtTrfTxInf/Cdtr/PstlAdr/StrtNm,Cdtr,:59:,PARSED
MSG018,CdtTrfTxInf/Cdtr/PstlAdr/BldgNb,Cdtr,:59:,PARSED
MSG018,CdtTrfTxInf/Cdtr/PstlAdr/PstCd,Cdtr,:59:,PARSED
MSG018,CdtTrfTxInf/Cdtr/PstlAdr/TwnNm,Cdtr,:59:,PARSED
MSG018,CdtTrfTxInf/Cdtr/PstlAdr/CtrySubDvsn,Cdtr,:59:,PARSED
MSG018,CdtTrfTxInf/Cdtr/PstlAdr/Ctry,Cdtr,:59:,PARSED
MSG018,CdtTrfTxInf/CdtrAcct/Id/Othr/Id,CdtrAcct,:59: account line,DIRECT
MSG018,CdtTrfTxInf/RmtInf/Ustrd,RmtInf,:70:,FREETEXT
MSG018,CdtTrfTxInf/RmtInf/Strd/RfrdDocInf/Tp/CdOrPrtry/Cd,RmtInf,:70: /INV/,CODE
MSG018,CdtTrfTxInf/RmtInf/Strd/RfrdDocInf/Nb,RmtInf,:70: /INV/,CODE
MSG019,GrpHdr/MsgId,GrpHdr,:20:,DIRECT
MSG019,GrpHdr/CreDtTm,GrpHdr,conversion time,INFERRED
MSG019,GrpHdr/NbOfTxs,GrpHdr,structure,INFERRED
MSG019,GrpHdr/SttlmInf/SttlmMtd,GrpHdr,:53A:/:54A: presence,INFERRED
MSG019,GrpHdr/SttlmInf/InstgRmbrsmntAgt/FinInstnId/BICFI,GrpHdr,:53A:,DIRECT
MSG019,CdtTrfTxInf/PmtId/InstrId,PmtId,:20:,DIRECT
MSG019,CdtTrfTxInf/PmtId/EndToEndId,PmtId,:70: /ROC/,CODE
MSG019,CdtTrfTxInf/PmtId/TxId,PmtId,:20:,DIRECT
MSG019,CdtTrfTxInf/PmtId/UETR,PmtId,{3:{121:}},DIRECT
MSG019,CdtTrfTxInf/IntrBkSttlmAmt,IntrBkSttlmAmt,:32A:,DIRECT
MSG019,CdtTrfTxInf/IntrBkSttlmDt,IntrBkSttlmDt,:32A:,DIRECT
MSG019,CdtTrfTxInf/ChrgBr,ChrgBr,:71A:,CODE
MSG019,CdtTrfTxInf/InstgAgt/FinInstnId/BICFI,InstgAgt,{1:} sender LT,DIRECT
MSG019,CdtTrfTxInf/InstdAgt/FinInstnId/BICFI,InstdAgt,{2:} receiver LT,DIRECT
MSG019,CdtTrfTxInf/Dbtr/Nm,Dbtr,:50K: line 1,DIRECT
MSG019,CdtTrfTxInf/Dbtr/PstlAdr/StrtNm,Dbtr,:50K:,PARSED
MSG019,CdtTrfTxInf/Dbtr/PstlAdr/BldgNb,Dbtr,:50K:,PARSED
MSG019,CdtTrfTxInf/Dbtr/PstlAdr/PstCd,Dbtr,:50K:,PARSED
MSG019,CdtTrfTxInf/Dbtr/PstlAdr/TwnNm,Dbtr,:50K:,PARSED
MSG019,CdtTrfTxInf/Dbtr/PstlAdr/CtrySubDvsn,Dbtr,:50K:,PARSED
MSG019,CdtTrfTxInf/Dbtr/PstlAdr/Ctry,Dbtr,:50K:,PARSED
MSG019,CdtTrfTxInf/DbtrAcct/Id/Othr/Id,DbtrAcct,:50K: account line,DIRECT
MSG019,CdtTrfTxInf/DbtrAgt/FinInstnId/BICFI,DbtrAgt,:52A:,DIRECT
MSG019,CdtTrfTxInf/CdtrAgt/FinInstnId/BICFI,CdtrAgt,:57a: absent; receiver BIC assumed,INFERRED
MSG019,CdtTrfTxInf/Cdtr/Nm,Cdtr,:59: line 1,DIRECT
MSG019,CdtTrfTxInf/Cdtr/PstlAdr/StrtNm,Cdtr,:59:,PARSED
MSG019,CdtTrfTxInf/Cdtr/PstlAdr/BldgNb,Cdtr,:59:,PARSED
MSG019,CdtTrfTxInf/Cdtr/PstlAdr/TwnNm,Cdtr,:59:,PARSED
MSG019,CdtTrfTxInf/Cdtr/PstlAdr/Ctry,Cdtr,:59:,PARSED
MSG019,CdtTrfTxInf/CdtrAcct/Id/IBAN,CdtrAcct,:59: account line,DIRECT
MSG019,CdtTrfTxInf/RmtInf/Ustrd,RmtInf,:70:,FREETEXT
MSG019,CdtTrfTxInf/RmtInf/Strd/RfrdDocInf/Tp/CdOrPrtry/Cd,RmtInf,:70: /INV/,CODE
MSG019,CdtTrfTxInf/RmtInf/Strd/RfrdDocInf/Nb,RmtInf,:70: /INV/,CODE
MSG020,GrpHdr/MsgId,GrpHdr,:20:,DIRECT
MSG020,GrpHdr/CreDtTm,GrpHdr,conversion time,INFERRED
MSG020,GrpHdr/NbOfTxs,GrpHdr,structure,INFERRED
MSG020,GrpHdr/SttlmInf/SttlmMtd,GrpHdr,:53A:/:54A: presence,INFERRED
MSG020,CdtTrfTxInf/PmtId/InstrId,PmtId,:20:,DIRECT
MSG020,CdtTrfTxInf/PmtId/EndToEndId,PmtId,no /ROC/ in :70:,INFERRED
MSG020,CdtTrfTxInf/PmtId/TxId,PmtId,:20:,DIRECT
MSG020,CdtTrfTxInf/PmtId/UETR,PmtId,{3:{121:}},DIRECT
MSG020,CdtTrfTxInf/PmtTpInf/SvcLvl/Prtry,PmtTpInf,:23B:,CODE
MSG020,CdtTrfTxInf/IntrBkSttlmAmt,IntrBkSttlmAmt,:32A:,DIRECT
MSG020,CdtTrfTxInf/IntrBkSttlmDt,IntrBkSttlmDt,:32A:,DIRECT
MSG020,CdtTrfTxInf/ChrgBr,ChrgBr,:71A:,CODE
MSG020,CdtTrfTxInf/InstgAgt/FinInstnId/BICFI,InstgAgt,{1:} sender LT,DIRECT
MSG020,CdtTrfTxInf/InstdAgt/FinInstnId/BICFI,InstdAgt,{2:} receiver LT,DIRECT
MSG020,CdtTrfTxInf/Dbtr/Nm,Dbtr,:50K: line 1,DIRECT
MSG020,CdtTrfTxInf/Dbtr/PstlAdr/TwnNm,Dbtr,:50K:,PARSED
MSG020,CdtTrfTxInf/Dbtr/PstlAdr/Ctry,Dbtr,:50K:,PARSED
MSG020,CdtTrfTxInf/Dbtr/PstlAdr/AdrLine,Dbtr,:50K:,FREETEXT
MSG020,CdtTrfTxInf/DbtrAcct/Id/IBAN,DbtrAcct,:50K: account line,DIRECT
MSG020,CdtTrfTxInf/DbtrAgt/FinInstnId/BICFI,DbtrAgt,:52a: absent; sender BIC assumed,INFERRED
MSG020,CdtTrfTxInf/CdtrAgt/FinInstnId/BICFI,CdtrAgt,:57a: absent; receiver BIC assumed,INFERRED
MSG020,CdtTrfTxInf/Cdtr/Nm,Cdtr,:59: line 1,DIRECT
MSG020,CdtTrfTxInf/Cdtr/PstlAdr/StrtNm,Cdtr,:59:,PARSED
MSG020,CdtTrfTxInf/Cdtr/PstlAdr/BldgNb,Cdtr,:59:,PARSED
MSG020,CdtTrfTxInf/Cdtr/PstlAdr/PstCd,Cdtr,:59:,PARSED
MSG020,CdtTrfTxInf/Cdtr/PstlAdr/TwnNm,Cdtr,:59:,PARSED
MSG020,CdtTrfTxInf/Cdtr/PstlAdr/Ctry,Cdtr,:59:,PARSED
MSG020,CdtTrfTxInf/CdtrAcct/Id/IBAN,CdtrAcct,:59: account line,DIRECT
MSG020,CdtTrfTxInf/RmtInf/Ustrd,RmtInf,:70:,FREETEXT
MSG021,GrpHdr/MsgId,GrpHdr,:20:,DIRECT
MSG021,GrpHdr/CreDtTm,GrpHdr,conversion time,INFERRED
MSG021,GrpHdr/NbOfTxs,GrpHdr,structure,INFERRED
MSG021,GrpHdr/SttlmInf/SttlmMtd,GrpHdr,:53A:/:54A: presence,INFERRED
MSG021,CdtTrfTxInf/PmtId/InstrId,PmtId,:20:,DIRECT
MSG021,CdtTrfTxInf/PmtId/EndToEndId,PmtId,no /ROC/ in :70:,INFERRED
MSG021,CdtTrfTxInf/PmtId/TxId,PmtId,:20:,DIRECT
MSG021,CdtTrfTxInf/PmtId/UETR,PmtId,{3:{121:}},DIRECT
MSG021,CdtTrfTxInf/IntrBkSttlmAmt,IntrBkSttlmAmt,:32A:,DIRECT
MSG021,CdtTrfTxInf/IntrBkSttlmDt,IntrBkSttlmDt,:32A:,DIRECT
MSG021,CdtTrfTxInf/ChrgBr,ChrgBr,:71A:,CODE
MSG021,CdtTrfTxInf/ChrgsInf/Amt,ChrgsInf,:71F:,DIRECT
MSG021,CdtTrfTxInf/ChrgsInf/Agt/FinInstnId/BICFI,ChrgsInf,71F: agent not stated; header BIC assumed,INFERRED
MSG021,CdtTrfTxInf/InstgAgt/FinInstnId/BICFI,InstgAgt,{1:} sender LT,DIRECT
MSG021,CdtTrfTxInf/InstdAgt/FinInstnId/BICFI,InstdAgt,{2:} receiver LT,DIRECT
MSG021,CdtTrfTxInf/Dbtr/Nm,Dbtr,:50K: line 1,DIRECT
MSG021,CdtTrfTxInf/Dbtr/PstlAdr/StrtNm,Dbtr,:50K:,PARSED
MSG021,CdtTrfTxInf/Dbtr/PstlAdr/BldgNb,Dbtr,:50K:,PARSED
MSG021,CdtTrfTxInf/Dbtr/PstlAdr/PstCd,Dbtr,:50K:,PARSED
MSG021,CdtTrfTxInf/Dbtr/PstlAdr/TwnNm,Dbtr,:50K:,PARSED
MSG021,CdtTrfTxInf/Dbtr/PstlAdr/CtrySubDvsn,Dbtr,:50K:,PARSED
MSG021,CdtTrfTxInf/Dbtr/PstlAdr/Ctry,Dbtr,:50K:,PARSED
MSG021,CdtTrfTxInf/DbtrAcct/Id/Othr/Id,DbtrAcct,:50K: account line,DIRECT
MSG021,CdtTrfTxInf/DbtrAgt/FinInstnId/BICFI,DbtrAgt,:52A:,DIRECT
MSG021,CdtTrfTxInf/CdtrAgt/FinInstnId/BICFI,CdtrAgt,:57a: absent; receiver BIC assumed,INFERRED
MSG021,CdtTrfTxInf/Cdtr/Nm,Cdtr,:59: line 1,DIRECT
MSG021,CdtTrfTxInf/Cdtr/PstlAdr/TwnNm,Cdtr,:59:,PARSED
MSG021,CdtTrfTxInf/Cdtr/PstlAdr/Ctry,Cdtr,:59:,PARSED
MSG021,CdtTrfTxInf/Cdtr/PstlAdr/AdrLine,Cdtr,:59:,FREETEXT
MSG021,CdtTrfTxInf/CdtrAcct/Id/IBAN,CdtrAcct,:59: account line,DIRECT
MSG021,CdtTrfTxInf/RmtInf/Ustrd,RmtInf,:70:,FREETEXT
MSG022,GrpHdr/MsgId,GrpHdr,:20:,DIRECT
MSG022,GrpHdr/CreDtTm,GrpHdr,conversion time,INFERRED
MSG022,GrpHdr/NbOfTxs,GrpHdr,structure,INFERRED
MSG022,GrpHdr/SttlmInf/SttlmMtd,GrpHdr,:53A:/:54A: presence,INFERRED
MSG022,CdtTrfTxInf/PmtId/InstrId,PmtId,:20:,DIRECT
MSG022,CdtTrfTxInf/PmtId/EndToEndId,PmtId,no /ROC/ in :70:,INFERRED
MSG022,CdtTrfTxInf/PmtId/TxId,PmtId,:20:,DIRECT
MSG022,CdtTrfTxInf/PmtId/UETR,PmtId,{3:{121:}},DIRECT
MSG022,CdtTrfTxInf/IntrBkSttlmAmt,IntrBkSttlmAmt,:32A:,DIRECT
MSG022,CdtTrfTxInf/IntrBkSttlmDt,IntrBkSttlmDt,:32A:,DIRECT
MSG022,CdtTrfTxInf/ChrgBr,ChrgBr,:71A:,CODE
MSG022,CdtTrfTxInf/InstgAgt/FinInstnId/BICFI,InstgAgt,{1:} sender LT,DIRECT
MSG022,CdtTrfTxInf/InstdAgt/FinInstnId/BICFI,InstdAgt,{2:} receiver LT,DIRECT
MSG022,CdtTrfTxInf/Dbtr/Nm,Dbtr,:50K: line 1,DIRECT
MSG022,CdtTrfTxInf/Dbtr/PstlAdr/TwnNm,Dbtr,:50K:,PARSED
MSG022,CdtTrfTxInf/Dbtr/PstlAdr/Ctry,Dbtr,:50K:,PARSED
MSG022,CdtTrfTxInf/Dbtr/PstlAdr/AdrLine,Dbtr,:50K:,FREETEXT
MSG022,CdtTrfTxInf/DbtrAcct/Id/IBAN,DbtrAcct,:50K: account line,DIRECT
MSG022,CdtTrfTxInf/DbtrAgt/FinInstnId/BICFI,DbtrAgt,:52A:,DIRECT
MSG022,CdtTrfTxInf/CdtrAgt/FinInstnId/BICFI,CdtrAgt,:57A:,DIRECT
MSG022,CdtTrfTxInf/Cdtr/Nm,Cdtr,:59: line 1,DIRECT
MSG022,CdtTrfTxInf/Cdtr/PstlAdr/TwnNm,Cdtr,:59:,PARSED
MSG022,CdtTrfTxInf/Cdtr/PstlAdr/Ctry,Cdtr,:59:,PARSED
MSG022,CdtTrfTxInf/Cdtr/PstlAdr/AdrLine,Cdtr,:59:,FREETEXT
MSG022,CdtTrfTxInf/CdtrAcct/Id/IBAN,CdtrAcct,:59: account line,DIRECT
MSG022,CdtTrfTxInf/RmtInf/Ustrd,RmtInf,:70:,FREETEXT
MSG023,GrpHdr/MsgId,GrpHdr,:20:,DIRECT
MSG023,GrpHdr/CreDtTm,GrpHdr,conversion time,INFERRED
MSG023,GrpHdr/NbOfTxs,GrpHdr,structure,INFERRED
MSG023,GrpHdr/SttlmInf/SttlmMtd,GrpHdr,:53A:/:54A: presence,INFERRED
MSG023,CdtTrfTxInf/PmtId/InstrId,PmtId,:20:,DIRECT
MSG023,CdtTrfTxInf/PmtId/EndToEndId,PmtId,no /ROC/ in :70:,INFERRED
MSG023,CdtTrfTxInf/PmtId/TxId,PmtId,:20:,DIRECT
MSG023,CdtTrfTxInf/PmtId/UETR,PmtId,{3:{121:}},DIRECT
MSG023,CdtTrfTxInf/IntrBkSttlmAmt,IntrBkSttlmAmt,:32A:,DIRECT
MSG023,CdtTrfTxInf/IntrBkSttlmDt,IntrBkSttlmDt,:32A:,DIRECT
MSG023,CdtTrfTxInf/ChrgBr,ChrgBr,:71A:,CODE
MSG023,CdtTrfTxInf/InstgAgt/FinInstnId/BICFI,InstgAgt,{1:} sender LT,DIRECT
MSG023,CdtTrfTxInf/InstdAgt/FinInstnId/BICFI,InstdAgt,{2:} receiver LT,DIRECT
MSG023,CdtTrfTxInf/Dbtr/Nm,Dbtr,:50K: line 1,DIRECT
MSG023,CdtTrfTxInf/Dbtr/PstlAdr/StrtNm,Dbtr,:50K:,PARSED
MSG023,CdtTrfTxInf/Dbtr/PstlAdr/BldgNb,Dbtr,:50K:,PARSED
MSG023,CdtTrfTxInf/Dbtr/PstlAdr/PstCd,Dbtr,:50K:,PARSED
MSG023,CdtTrfTxInf/Dbtr/PstlAdr/TwnNm,Dbtr,:50K:,PARSED
MSG023,CdtTrfTxInf/Dbtr/PstlAdr/Ctry,Dbtr,:50K:,PARSED
MSG023,CdtTrfTxInf/DbtrAcct/Id/IBAN,DbtrAcct,:50K: account line,DIRECT
MSG023,CdtTrfTxInf/DbtrAgt/FinInstnId/BICFI,DbtrAgt,:52a: absent; sender BIC assumed,INFERRED
MSG023,CdtTrfTxInf/CdtrAgt/FinInstnId/BICFI,CdtrAgt,:57a: absent; receiver BIC assumed,INFERRED
MSG023,CdtTrfTxInf/Cdtr/Nm,Cdtr,:59: line 1,DIRECT
MSG023,CdtTrfTxInf/Cdtr/PstlAdr/TwnNm,Cdtr,:59:,PARSED
MSG023,CdtTrfTxInf/Cdtr/PstlAdr/Ctry,Cdtr,:59:,PARSED
MSG023,CdtTrfTxInf/Cdtr/PstlAdr/AdrLine,Cdtr,:59:,FREETEXT
MSG023,CdtTrfTxInf/CdtrAcct/Id/IBAN,CdtrAcct,:59: account line,DIRECT
MSG023,CdtTrfTxInf/InstrForNxtAgt/InstrInf,InstrForNxtAgt,:72:,FREETEXT
MSG023,CdtTrfTxInf/InstrForNxtAgt/InstrInf,InstrForNxtAgt,:72:,FREETEXT
MSG023,CdtTrfTxInf/RgltryRptg/Dtls/Inf,RgltryRptg,:77B:,FREETEXT
MSG023,CdtTrfTxInf/RmtInf/Ustrd,RmtInf,:70:,FREETEXT
MSG024,GrpHdr/MsgId,GrpHdr,:20:,DIRECT
MSG024,GrpHdr/CreDtTm,GrpHdr,conversion time,INFERRED
MSG024,GrpHdr/NbOfTxs,GrpHdr,structure,INFERRED
MSG024,GrpHdr/SttlmInf/SttlmMtd,GrpHdr,:53A:/:54A: presence,INFERRED
MSG024,CdtTrfTxInf/PmtId/InstrId,PmtId,:20:,DIRECT
MSG024,CdtTrfTxInf/PmtId/EndToEndId,PmtId,no /ROC/ in :70:,INFERRED
MSG024,CdtTrfTxInf/PmtId/TxId,PmtId,:20:,DIRECT
MSG024,CdtTrfTxInf/PmtId/UETR,PmtId,{3:{121:}},DIRECT
MSG024,CdtTrfTxInf/PmtTpInf/SvcLvl/Prtry,PmtTpInf,:23B:,CODE
MSG024,CdtTrfTxInf/IntrBkSttlmAmt,IntrBkSttlmAmt,:32A:,DIRECT
MSG024,CdtTrfTxInf/IntrBkSttlmDt,IntrBkSttlmDt,:32A:,DIRECT
MSG024,CdtTrfTxInf/ChrgBr,ChrgBr,:71A:,CODE
MSG024,CdtTrfTxInf/InstgAgt/FinInstnId/BICFI,InstgAgt,{1:} sender LT,DIRECT
MSG024,CdtTrfTxInf/InstdAgt/FinInstnId/BICFI,InstdAgt,{2:} receiver LT,DIRECT
MSG024,CdtTrfTxInf/Dbtr/Nm,Dbtr,:50K: line 1,DIRECT
MSG024,CdtTrfTxInf/Dbtr/PstlAdr/StrtNm,Dbtr,:50K:,PARSED
MSG024,CdtTrfTxInf/Dbtr/PstlAdr/BldgNb,Dbtr,:50K:,PARSED
MSG024,CdtTrfTxInf/Dbtr/PstlAdr/PstCd,Dbtr,:50K:,PARSED
MSG024,CdtTrfTxInf/Dbtr/PstlAdr/TwnNm,Dbtr,:50K:,PARSED
MSG024,CdtTrfTxInf/Dbtr/PstlAdr/CtrySubDvsn,Dbtr,:50K:,PARSED
MSG024,CdtTrfTxInf/Dbtr/PstlAdr/Ctry,Dbtr,:50K:,PARSED
MSG024,CdtTrfTxInf/DbtrAcct/Id/Othr/Id,DbtrAcct,:50K: account line,DIRECT
MSG024,CdtTrfTxInf/DbtrAgt/FinInstnId/BICFI,DbtrAgt,:52A:,DIRECT
MSG024,CdtTrfTxInf/CdtrAgt/FinInstnId/BICFI,CdtrAgt,:57A:,DIRECT
MSG024,CdtTrfTxInf/Cdtr/Nm,Cdtr,:59: line 1,DIRECT
MSG024,CdtTrfTxInf/Cdtr/PstlAdr/TwnNm,Cdtr,:59:,PARSED
MSG024,CdtTrfTxInf/Cdtr/PstlAdr/Ctry,Cdtr,:59:,PARSED
MSG024,CdtTrfTxInf/Cdtr/PstlAdr/AdrLine,Cdtr,:59:,FREETEXT
MSG024,CdtTrfTxInf/CdtrAcct/Id/IBAN,CdtrAcct,:59: account line,DIRECT
MSG024,CdtTrfTxInf/InstrForNxtAgt/InstrInf,InstrForNxtAgt,:72:,FREETEXT
MSG024,CdtTrfTxInf/InstrForNxtAgt/InstrInf,InstrForNxtAgt,:72:,FREETEXT
MSG024,CdtTrfTxInf/RgltryRptg/Dtls/Inf,RgltryRptg,:77B:,FREETEXT
MSG024,CdtTrfTxInf/RmtInf/Ustrd,RmtInf,:70:,FREETEXT
MSG025,GrpHdr/MsgId,GrpHdr,:20:,DIRECT
MSG025,GrpHdr/CreDtTm,GrpHdr,conversion time,INFERRED
MSG025,GrpHdr/NbOfTxs,GrpHdr,structure,INFERRED
MSG025,GrpHdr/SttlmInf/SttlmMtd,GrpHdr,:53A:/:54A: presence,INFERRED
MSG025,GrpHdr/SttlmInf/InstgRmbrsmntAgt/FinInstnId/BICFI,GrpHdr,:53A:,DIRECT
MSG025,CdtTrfTxInf/PmtId/InstrId,PmtId,:20:,DIRECT
MSG025,CdtTrfTxInf/PmtId/EndToEndId,PmtId,no /ROC/ in :70:,INFERRED
MSG025,CdtTrfTxInf/PmtId/TxId,PmtId,:20:,DIRECT
MSG025,CdtTrfTxInf/PmtId/UETR,PmtId,{3:{121:}},DIRECT
MSG025,CdtTrfTxInf/PmtTpInf/SvcLvl/Prtry,PmtTpInf,:23B:,CODE
MSG025,CdtTrfTxInf/IntrBkSttlmAmt,IntrBkSttlmAmt,:32A:,DIRECT
MSG025,CdtTrfTxInf/IntrBkSttlmDt,IntrBkSttlmDt,:32A:,DIRECT
MSG025,CdtTrfTxInf/ChrgBr,ChrgBr,:71A:,CODE
MSG025,CdtTrfTxInf/ChrgsInf/Amt,ChrgsInf,:71G:,DIRECT
MSG025,CdtTrfTxInf/ChrgsInf/Agt/FinInstnId/BICFI,ChrgsInf,71G: agent not stated; header BIC assumed,INFERRED
MSG025,CdtTrfTxInf/InstgAgt/FinInstnId/BICFI,InstgAgt,{1:} sender LT,DIRECT
MSG025,CdtTrfTxInf/InstdAgt/FinInstnId/BICFI,InstdAgt,{2:} receiver LT,DIRECT
MSG025,CdtTrfTxInf/Dbtr/Nm,Dbtr,:50K: line 1,DIRECT
MSG025,CdtTrfTxInf/Dbtr/PstlAdr/StrtNm,Dbtr,:50K:,PARSED
MSG025,CdtTrfTxInf/Dbtr/PstlAdr/BldgNb,Dbtr,:50K:,PARSED
MSG025,CdtTrfTxInf/Dbtr/PstlAdr/PstCd,Dbtr,:50K:,PARSED
MSG025,CdtTrfTxInf/Dbtr/PstlAdr/TwnNm,Dbtr,:50K:,PARSED
MSG025,CdtTrfTxInf/Dbtr/PstlAdr/Ctry,Dbtr,:50K:,PARSED
MSG025,CdtTrfTxInf/DbtrAcct/Id/IBAN,DbtrAcct,:50K: account line,DIRECT
MSG025,CdtTrfTxInf/DbtrAgt/FinInstnId/BICFI,DbtrAgt,:52A:,DIRECT
MSG025,CdtTrfTxInf/CdtrAgt/FinInstnId/BICFI,CdtrAgt,:57a: absent; receiver BIC assumed,INFERRED
MSG025,CdtTrfTxInf/Cdtr/Nm,Cdtr,:59: line 1,DIRECT
MSG025,CdtTrfTxInf/Cdtr/PstlAdr/TwnNm,Cdtr,:59:,PARSED
MSG025,CdtTrfTxInf/Cdtr/PstlAdr/Ctry,Cdtr,:59:,PARSED
MSG025,CdtTrfTxInf/Cdtr/PstlAdr/AdrLine,Cdtr,:59:,FREETEXT
MSG025,CdtTrfTxInf/CdtrAcct/Id/IBAN,CdtrAcct,:59: account line,DIRECT
MSG025,CdtTrfTxInf/RmtInf/Ustrd,RmtInf,:70:,FREETEXT
MSG026,GrpHdr/MsgId,GrpHdr,:20:,DIRECT
MSG026,GrpHdr/CreDtTm,GrpHdr,conversion time,INFERRED
MSG026,GrpHdr/NbOfTxs,GrpHdr,structure,INFERRED
MSG026,GrpHdr/SttlmInf/SttlmMtd,GrpHdr,:53A:/:54A: presence,INFERRED
MSG026,CdtTrfTxInf/PmtId/InstrId,PmtId,:20:,DIRECT
MSG026,CdtTrfTxInf/PmtId/EndToEndId,PmtId,no /ROC/ in :70:,INFERRED
MSG026,CdtTrfTxInf/PmtId/TxId,PmtId,:20:,DIRECT
MSG026,CdtTrfTxInf/PmtId/UETR,PmtId,{3:{121:}},DIRECT
MSG026,CdtTrfTxInf/IntrBkSttlmAmt,IntrBkSttlmAmt,:32A:,DIRECT
MSG026,CdtTrfTxInf/IntrBkSttlmDt,IntrBkSttlmDt,:32A:,DIRECT
MSG026,CdtTrfTxInf/InstdAmt,InstdAmt,:33B:,DIRECT
MSG026,CdtTrfTxInf/XchgRate,XchgRate,:36:,DIRECT
MSG026,CdtTrfTxInf/ChrgBr,ChrgBr,:71A:,CODE
MSG026,CdtTrfTxInf/InstgAgt/FinInstnId/BICFI,InstgAgt,{1:} sender LT,DIRECT
MSG026,CdtTrfTxInf/InstdAgt/FinInstnId/BICFI,InstdAgt,{2:} receiver LT,DIRECT
MSG026,CdtTrfTxInf/IntrmyAgt1/FinInstnId/BICFI,IntrmyAgt1,:56A:,DIRECT
MSG026,CdtTrfTxInf/Dbtr/Nm,Dbtr,:50K: line 1,DIRECT
MSG026,CdtTrfTxInf/Dbtr/PstlAdr/TwnNm,Dbtr,:50K:,PARSED
MSG026,CdtTrfTxInf/Dbtr/PstlAdr/Ctry,Dbtr,:50K:,PARSED
MSG026,CdtTrfTxInf/Dbtr/PstlAdr/AdrLine,Dbtr,:50K:,FREETEXT
MSG026,CdtTrfTxInf/DbtrAcct/Id/IBAN,DbtrAcct,:50K: account line,DIRECT
MSG026,CdtTrfTxInf/DbtrAgt/FinInstnId/BICFI,DbtrAgt,:52a: absent; sender BIC assumed,INFERRED
MSG026,CdtTrfTxInf/CdtrAgt/FinInstnId/BICFI,CdtrAgt,:57a: absent; receiver BIC assumed,INFERRED
MSG026,CdtTrfTxInf/Cdtr/Nm,Cdtr,:59: line 1,DIRECT
MSG026,CdtTrfTxInf/Cdtr/PstlAdr/PstCd,Cdtr,:59:,PARSED
MSG026,CdtTrfTxInf/Cdtr/PstlAdr/TwnNm,Cdtr,:59:,PARSED
MSG026,CdtTrfTxInf/Cdtr/PstlAdr/Ctry,Cdtr,:59:,PARSED
MSG026,CdtTrfTxInf/Cdtr/PstlAdr/AdrLine,Cdtr,:59:,FREETEXT
MSG026,CdtTrfTxInf/CdtrAcct/Id/IBAN,CdtrAcct,:59: account line,DIRECT
MSG026,CdtTrfTxInf/RmtInf/Ustrd,RmtInf,:70:,FREETEXT
MSG027,GrpHdr/MsgId,GrpHdr,:20:,DIRECT
MSG027,GrpHdr/CreDtTm,GrpHdr,conversion time,INFERRED
MSG027,GrpHdr/NbOfTxs,GrpHdr,structure,INFERRED
MSG027,GrpHdr/SttlmInf/SttlmMtd,GrpHdr,:53A:/:54A: presence,INFERRED
MSG027,CdtTrfTxInf/PmtId/InstrId,PmtId,:20:,DIRECT
MSG027,CdtTrfTxInf/PmtId/EndToEndId,PmtId,no /ROC/ in :70:,INFERRED
MSG027,CdtTrfTxInf/PmtId/TxId,PmtId,:20:,DIRECT
MSG027,CdtTrfTxInf/PmtId/UETR,PmtId,{3:{121:}},DIRECT
MSG027,CdtTrfTxInf/PmtTpInf/SvcLvl/Prtry,PmtTpInf,:23B:,CODE
MSG027,CdtTrfTxInf/IntrBkSttlmAmt,IntrBkSttlmAmt,:32A:,DIRECT
MSG027,CdtTrfTxInf/IntrBkSttlmDt,IntrBkSttlmDt,:32A:,DIRECT
MSG027,CdtTrfTxInf/ChrgBr,ChrgBr,:71A:,CODE
MSG027,CdtTrfTxInf/ChrgsInf/Amt,ChrgsInf,:71F:,DIRECT
MSG027,CdtTrfTxInf/ChrgsInf/Agt/FinInstnId/BICFI,ChrgsInf,71F: agent not stated; header BIC assumed,INFERRED
MSG027,CdtTrfTxInf/InstgAgt/FinInstnId/BICFI,InstgAgt,{1:} sender LT,DIRECT
MSG027,CdtTrfTxInf/InstdAgt/FinInstnId/BICFI,InstdAgt,{2:} receiver LT,DIRECT
MSG027,CdtTrfTxInf/Dbtr/Nm,Dbtr,:50K: line 1,DIRECT
MSG027,CdtTrfTxInf/Dbtr/PstlAdr/StrtNm,Dbtr,:50K:,PARSED
MSG027,CdtTrfTxInf/Dbtr/PstlAdr/BldgNb,Dbtr,:50K:,PARSED
MSG027,CdtTrfTxInf/Dbtr/PstlAdr/AdrLine,Dbtr,:50K:,FREETEXT
MSG027,CdtTrfTxInf/DbtrAcct/Id/Othr/Id,DbtrAcct,:50K: account line,DIRECT
MSG027,CdtTrfTxInf/DbtrAgt/FinInstnId/BICFI,DbtrAgt,:52a: absent; sender BIC assumed,INFERRED
MSG027,CdtTrfTxInf/CdtrAgt/FinInstnId/BICFI,CdtrAgt,:57A:,DIRECT
MSG027,CdtTrfTxInf/Cdtr/Nm,Cdtr,:59: line 1,DIRECT
MSG027,CdtTrfTxInf/Cdtr/PstlAdr/TwnNm,Cdtr,:59:,PARSED
MSG027,CdtTrfTxInf/Cdtr/PstlAdr/Ctry,Cdtr,:59:,PARSED
MSG027,CdtTrfTxInf/Cdtr/PstlAdr/AdrLine,Cdtr,:59:,FREETEXT
MSG027,CdtTrfTxInf/CdtrAcct/Id/IBAN,CdtrAcct,:59: account line,DIRECT
MSG027,CdtTrfTxInf/RmtInf/Ustrd,RmtInf,:70:,FREETEXT
MSG027,CdtTrfTxInf/RmtInf/Strd/RfrdDocInf/Tp/CdOrPrtry/Cd,RmtInf,:70: /INV/,CODE
MSG027,CdtTrfTxInf/RmtInf/Strd/RfrdDocInf/Nb,RmtInf,:70: /INV/,CODE
MSG028,GrpHdr/MsgId,GrpHdr,:20:,DIRECT
MSG028,GrpHdr/CreDtTm,GrpHdr,conversion time,INFERRED
MSG028,GrpHdr/NbOfTxs,GrpHdr,structure,INFERRED
MSG028,GrpHdr/SttlmInf/SttlmMtd,GrpHdr,:53A:/:54A: presence,INFERRED
MSG028,CdtTrfTxInf/PmtId/InstrId,PmtId,:20:,DIRECT
MSG028,CdtTrfTxInf/PmtId/EndToEndId,PmtId,no /ROC/ in :70:,INFERRED
MSG028,CdtTrfTxInf/PmtId/TxId,PmtId,:20:,DIRECT
MSG028,CdtTrfTxInf/PmtId/UETR,PmtId,generated by translator,INFERRED
MSG028,CdtTrfTxInf/PmtTpInf/SvcLvl/Prtry,PmtTpInf,:23B:,CODE
MSG028,CdtTrfTxInf/IntrBkSttlmAmt,IntrBkSttlmAmt,:32A:,DIRECT
MSG028,CdtTrfTxInf/IntrBkSttlmDt,IntrBkSttlmDt,:32A:,DIRECT
MSG028,CdtTrfTxInf/ChrgBr,ChrgBr,:71A:,CODE
MSG028,CdtTrfTxInf/InstgAgt/FinInstnId/BICFI,InstgAgt,{1:} sender LT,DIRECT
MSG028,CdtTrfTxInf/InstdAgt/FinInstnId/BICFI,InstdAgt,{2:} receiver LT,DIRECT
MSG028,CdtTrfTxInf/Dbtr/Nm,Dbtr,:50K: line 1,DIRECT
MSG028,CdtTrfTxInf/Dbtr/PstlAdr/StrtNm,Dbtr,:50K:,PARSED
MSG028,CdtTrfTxInf/Dbtr/PstlAdr/BldgNb,Dbtr,:50K:,PARSED
MSG028,CdtTrfTxInf/Dbtr/PstlAdr/PstCd,Dbtr,:50K:,PARSED
MSG028,CdtTrfTxInf/Dbtr/PstlAdr/TwnNm,Dbtr,:50K:,PARSED
MSG028,CdtTrfTxInf/Dbtr/PstlAdr/Ctry,Dbtr,:50K:,PARSED
MSG028,CdtTrfTxInf/DbtrAcct/Id/IBAN,DbtrAcct,:50K: account line,DIRECT
MSG028,CdtTrfTxInf/DbtrAgt/FinInstnId/BICFI,DbtrAgt,:52a: absent; sender BIC assumed,INFERRED
MSG028,CdtTrfTxInf/CdtrAgt/FinInstnId/BICFI,CdtrAgt,:57a: absent; receiver BIC assumed,INFERRED
MSG028,CdtTrfTxInf/Cdtr/Nm,Cdtr,:59: line 1,DIRECT
MSG028,CdtTrfTxInf/Cdtr/PstlAdr/TwnNm,Cdtr,:59:,PARSED
MSG028,CdtTrfTxInf/Cdtr/PstlAdr/Ctry,Cdtr,:59:,PARSED
MSG028,CdtTrfTxInf/Cdtr/PstlAdr/AdrLine,Cdtr,:59:,FREETEXT
MSG028,CdtTrfTxInf/CdtrAcct/Id/IBAN,CdtrAcct,:59: account line,DIRECT
MSG028,CdtTrfTxInf/RmtInf/Ustrd,RmtInf,:70:,FREETEXT
MSG028,CdtTrfTxInf/RmtInf/Strd/RfrdDocInf/Tp/CdOrPrtry/Cd,RmtInf,:70: /INV/,CODE
MSG028,CdtTrfTxInf/RmtInf/Strd/RfrdDocInf/Nb,RmtInf,:70: /INV/,CODE
MSG029,GrpHdr/MsgId,GrpHdr,:20:,DIRECT
MSG029,GrpHdr/CreDtTm,GrpHdr,conversion time,INFERRED
MSG029,GrpHdr/NbOfTxs,GrpHdr,structure,INFERRED
MSG029,GrpHdr/SttlmInf/SttlmMtd,GrpHdr,:53A:/:54A: presence,INFERRED
MSG029,CdtTrfTxInf/PmtId/InstrId,PmtId,:20:,DIRECT
MSG029,CdtTrfTxInf/PmtId/EndToEndId,PmtId,no /ROC/ in :70:,INFERRED
MSG029,CdtTrfTxInf/PmtId/TxId,PmtId,:20:,DIRECT
MSG029,CdtTrfTxInf/PmtId/UETR,PmtId,generated by translator,INFERRED
MSG029,CdtTrfTxInf/PmtTpInf/SvcLvl/Prtry,PmtTpInf,:23B:,CODE
MSG029,CdtTrfTxInf/IntrBkSttlmAmt,IntrBkSttlmAmt,:32A:,DIRECT
MSG029,CdtTrfTxInf/IntrBkSttlmDt,IntrBkSttlmDt,:32A:,DIRECT
MSG029,CdtTrfTxInf/ChrgBr,ChrgBr,:71A:,CODE
MSG029,CdtTrfTxInf/InstgAgt/FinInstnId/BICFI,InstgAgt,{1:} sender LT,DIRECT
MSG029,CdtTrfTxInf/InstdAgt/FinInstnId/BICFI,InstdAgt,{2:} receiver LT,DIRECT
MSG029,CdtTrfTxInf/IntrmyAgt1/FinInstnId/BICFI,IntrmyAgt1,:56A:,DIRECT
MSG029,CdtTrfTxInf/Dbtr/Nm,Dbtr,:50K: line 1,DIRECT
MSG029,CdtTrfTxInf/Dbtr/PstlAdr/StrtNm,Dbtr,:50K:,PARSED
MSG029,CdtTrfTxInf/Dbtr/PstlAdr/BldgNb,Dbtr,:50K:,PARSED
MSG029,CdtTrfTxInf/Dbtr/PstlAdr/TwnNm,Dbtr,:50K:,PARSED
MSG029,CdtTrfTxInf/Dbtr/PstlAdr/Ctry,Dbtr,:50K:,PARSED
MSG029,CdtTrfTxInf/DbtrAcct/Id/IBAN,DbtrAcct,:50K: account line,DIRECT
MSG029,CdtTrfTxInf/DbtrAgt/FinInstnId/BICFI,DbtrAgt,:52a: absent; sender BIC assumed,INFERRED
MSG029,CdtTrfTxInf/CdtrAgt/FinInstnId/BICFI,CdtrAgt,:57a: absent; receiver BIC assumed,INFERRED
MSG029,CdtTrfTxInf/Cdtr/Nm,Cdtr,:59: line 1,DIRECT
MSG029,CdtTrfTxInf/Cdtr/PstlAdr/TwnNm,Cdtr,:59:,PARSED
MSG029,CdtTrfTxInf/Cdtr/PstlAdr/Ctry,Cdtr,:59:,PARSED
MSG029,CdtTrfTxInf/Cdtr/PstlAdr/AdrLine,Cdtr,:59:,FREETEXT
MSG029,CdtTrfTxInf/CdtrAcct/Id/Othr/Id,CdtrAcct,:59: account line,DIRECT
MSG029,CdtTrfTxInf/RmtInf/Ustrd,RmtInf,:70:,FREETEXT
MSG029,CdtTrfTxInf/RmtInf/Strd/CdtrRefInf/Ref,RmtInf,:70: /RFB/,CODE
MSG030,GrpHdr/MsgId,GrpHdr,:20:,DIRECT
MSG030,GrpHdr/CreDtTm,GrpHdr,conversion time,INFERRED
MSG030,GrpHdr/NbOfTxs,GrpHdr,structure,INFERRED
MSG030,GrpHdr/SttlmInf/SttlmMtd,GrpHdr,:53A:/:54A: presence,INFERRED
MSG030,CdtTrfTxInf/PmtId/InstrId,PmtId,:20:,DIRECT
MSG030,CdtTrfTxInf/PmtId/EndToEndId,PmtId,no /ROC/ in :70:,INFERRED
MSG030,CdtTrfTxInf/PmtId/TxId,PmtId,:20:,DIRECT
MSG030,CdtTrfTxInf/PmtId/UETR,PmtId,{3:{121:}},DIRECT
MSG030,CdtTrfTxInf/IntrBkSttlmAmt,IntrBkSttlmAmt,:32A:,DIRECT
MSG030,CdtTrfTxInf/IntrBkSttlmDt,IntrBkSttlmDt,:32A:,DIRECT
MSG030,CdtTrfTxInf/ChrgBr,ChrgBr,:71A:,CODE
MSG030,CdtTrfTxInf/ChrgsInf/Amt,ChrgsInf,:71F:,DIRECT
MSG030,CdtTrfTxInf/ChrgsInf/Agt/FinInstnId/BICFI,ChrgsInf,71F: agent not stated; header BIC assumed,INFERRED
MSG030,CdtTrfTxInf/InstgAgt/FinInstnId/BICFI,InstgAgt,{1:} sender LT,DIRECT
MSG030,CdtTrfTxInf/InstdAgt/FinInstnId/BICFI,InstdAgt,{2:} receiver LT,DIRECT
MSG030,CdtTrfTxInf/Dbtr/Nm,Dbtr,:50K: line 1,DIRECT
MSG030,CdtTrfTxInf/Dbtr/PstlAdr/StrtNm,Dbtr,:50K:,PARSED
MSG030,CdtTrfTxInf/Dbtr/PstlAdr/BldgNb,Dbtr,:50K:,PARSED
MSG030,CdtTrfTxInf/Dbtr/PstlAdr/PstCd,Dbtr,:50K:,PARSED
MSG030,CdtTrfTxInf/Dbtr/PstlAdr/TwnNm,Dbtr,:50K:,PARSED
MSG030,CdtTrfTxInf/Dbtr/PstlAdr/CtrySubDvsn,Dbtr,:50K:,PARSED
MSG030,CdtTrfTxInf/Dbtr/PstlAdr/Ctry,Dbtr,:50K:,PARSED
MSG030,CdtTrfTxInf/DbtrAcct/Id/Othr/Id,DbtrAcct,:50K: account line,DIRECT
MSG030,CdtTrfTxInf/DbtrAgt/FinInstnId/BICFI,DbtrAgt,:52A:,DIRECT
MSG030,CdtTrfTxInf/CdtrAgt/FinInstnId/BICFI,CdtrAgt,:57a: absent; receiver BIC assumed,INFERRED
MSG030,CdtTrfTxInf/Cdtr/Nm,Cdtr,:59: line 1,DIRECT
MSG030,CdtTrfTxInf/Cdtr/PstlAdr/TwnNm,Cdtr,:59:,PARSED
MSG030,CdtTrfTxInf/Cdtr/PstlAdr/Ctry,Cdtr,:59:,PARSED
MSG030,CdtTrfTxInf/Cdtr/PstlAdr/AdrLine,Cdtr,:59:,FREETEXT
MSG030,CdtTrfTxInf/CdtrAcct/Id/IBAN,CdtrAcct,:59: account line,DIRECT
MSG030,CdtTrfTxInf/RmtInf/Ustrd,RmtInf,:70:,FREETEXT
MSG031,GrpHdr/MsgId,GrpHdr,:20:,DIRECT
MSG031,GrpHdr/CreDtTm,GrpHdr,conversion time,INFERRED
MSG031,GrpHdr/NbOfTxs,GrpHdr,structure,INFERRED
MSG031,GrpHdr/SttlmInf/SttlmMtd,GrpHdr,:53A:/:54A: presence,INFERRED
MSG031,CdtTrfTxInf/PmtId/InstrId,PmtId,:20:,DIRECT
MSG031,CdtTrfTxInf/PmtId/EndToEndId,PmtId,no /ROC/ in :70:,INFERRED
MSG031,CdtTrfTxInf/PmtId/TxId,PmtId,:20:,DIRECT
MSG031,CdtTrfTxInf/PmtId/UETR,PmtId,{3:{121:}},DIRECT
MSG031,CdtTrfTxInf/IntrBkSttlmAmt,IntrBkSttlmAmt,:32A:,DIRECT
MSG031,CdtTrfTxInf/IntrBkSttlmDt,IntrBkSttlmDt,:32A:,DIRECT
MSG031,CdtTrfTxInf/ChrgBr,ChrgBr,:71A:,CODE
MSG031,CdtTrfTxInf/InstgAgt/FinInstnId/BICFI,InstgAgt,{1:} sender LT,DIRECT
MSG031,CdtTrfTxInf/InstdAgt/FinInstnId/BICFI,InstdAgt,{2:} receiver LT,DIRECT
MSG031,CdtTrfTxInf/Dbtr/Nm,Dbtr,:50K: line 1,DIRECT
MSG031,CdtTrfTxInf/Dbtr/PstlAdr/StrtNm,Dbtr,:50K:,PARSED
MSG031,CdtTrfTxInf/Dbtr/PstlAdr/BldgNb,Dbtr,:50K:,PARSED
MSG031,CdtTrfTxInf/Dbtr/PstlAdr/PstCd,Dbtr,:50K:,PARSED
MSG031,CdtTrfTxInf/Dbtr/PstlAdr/TwnNm,Dbtr,:50K:,PARSED
MSG031,CdtTrfTxInf/Dbtr/PstlAdr/Ctry,Dbtr,:50K:,PARSED
MSG031,CdtTrfTxInf/DbtrAcct/Id/IBAN,DbtrAcct,:50K: account line,DIRECT
MSG031,CdtTrfTxInf/DbtrAgt/FinInstnId/BICFI,DbtrAgt,:52A:,DIRECT
MSG031,CdtTrfTxInf/CdtrAgt/FinInstnId/BICFI,CdtrAgt,:57a: absent; receiver BIC assumed,INFERRED
MSG031,CdtTrfTxInf/Cdtr/Nm,Cdtr,:59: line 1,DIRECT
MSG031,CdtTrfTxInf/Cdtr/PstlAdr/StrtNm,Cdtr,:59:,PARSED
MSG031,CdtTrfTxInf/Cdtr/PstlAdr/BldgNb,Cdtr,:59:,PARSED
MSG031,CdtTrfTxInf/Cdtr/PstlAdr/PstCd,Cdtr,:59:,PARSED
MSG031,CdtTrfTxInf/Cdtr/PstlAdr/TwnNm,Cdtr,:59:,PARSED
MSG031,CdtTrfTxInf/Cdtr/PstlAdr/Ctry,Cdtr,:59:,PARSED
MSG031,CdtTrfTxInf/CdtrAcct/Id/IBAN,CdtrAcct,:59: account line,DIRECT
MSG031,CdtTrfTxInf/InstrForNxtAgt/InstrInf,InstrForNxtAgt,:72:,FREETEXT
MSG031,CdtTrfTxInf/InstrForNxtAgt/InstrInf,InstrForNxtAgt,:72:,FREETEXT
MSG031,CdtTrfTxInf/RgltryRptg/Dtls/Inf,RgltryRptg,:77B:,FREETEXT
MSG031,CdtTrfTxInf/RmtInf/Ustrd,RmtInf,:70:,FREETEXT
MSG031,CdtTrfTxInf/RmtInf/Strd/RfrdDocInf/Tp/CdOrPrtry/Cd,RmtInf,:70: /INV/,CODE
MSG031,CdtTrfTxInf/RmtInf/Strd/RfrdDocInf/Nb,RmtInf,:70: /INV/,CODE
MSG032,GrpHdr/MsgId,GrpHdr,:20:,DIRECT
MSG032,GrpHdr/CreDtTm,GrpHdr,conversion time,INFERRED
MSG032,GrpHdr/NbOfTxs,GrpHdr,structure,INFERRED
MSG032,GrpHdr/SttlmInf/SttlmMtd,GrpHdr,:53A:/:54A: presence,INFERRED
MSG032,CdtTrfTxInf/PmtId/InstrId,PmtId,:20:,DIRECT
MSG032,CdtTrfTxInf/PmtId/EndToEndId,PmtId,:70: /ROC/,CODE
MSG032,CdtTrfTxInf/PmtId/TxId,PmtId,:20:,DIRECT
MSG032,CdtTrfTxInf/PmtId/UETR,PmtId,generated by translator,INFERRED
MSG032,CdtTrfTxInf/IntrBkSttlmAmt,IntrBkSttlmAmt,:32A:,DIRECT
MSG032,CdtTrfTxInf/IntrBkSttlmDt,IntrBkSttlmDt,:32A:,DIRECT
MSG032,CdtTrfTxInf/ChrgBr,ChrgBr,:71A:,CODE
MSG032,CdtTrfTxInf/InstgAgt/FinInstnId/BICFI,InstgAgt,{1:} sender LT,DIRECT
MSG032,CdtTrfTxInf/InstdAgt/FinInstnId/BICFI,InstdAgt,{2:} receiver LT,DIRECT
MSG032,CdtTrfTxInf/Dbtr/Nm,Dbtr,:50K: line 1,DIRECT
MSG032,CdtTrfTxInf/Dbtr/PstlAdr/TwnNm,Dbtr,:50K:,PARSED
MSG032,CdtTrfTxInf/Dbtr/PstlAdr/Ctry,Dbtr,:50K:,PARSED
MSG032,CdtTrfTxInf/Dbtr/PstlAdr/AdrLine,Dbtr,:50K:,FREETEXT
MSG032,CdtTrfTxInf/DbtrAcct/Id/IBAN,DbtrAcct,:50K: account line,DIRECT
MSG032,CdtTrfTxInf/DbtrAgt/FinInstnId/BICFI,DbtrAgt,:52A:,DIRECT
MSG032,CdtTrfTxInf/CdtrAgt/FinInstnId/BICFI,CdtrAgt,:57a: absent; receiver BIC assumed,INFERRED
MSG032,CdtTrfTxInf/Cdtr/Nm,Cdtr,:59: line 1,DIRECT
MSG032,CdtTrfTxInf/Cdtr/PstlAdr/PstCd,Cdtr,:59:,PARSED
MSG032,CdtTrfTxInf/Cdtr/PstlAdr/TwnNm,Cdtr,:59:,PARSED
MSG032,CdtTrfTxInf/Cdtr/PstlAdr/Ctry,Cdtr,:59:,PARSED
MSG032,CdtTrfTxInf/Cdtr/PstlAdr/AdrLine,Cdtr,:59:,FREETEXT
MSG032,CdtTrfTxInf/CdtrAcct/Id/IBAN,CdtrAcct,:59: account line,DIRECT
MSG032,CdtTrfTxInf/RgltryRptg/Dtls/Inf,RgltryRptg,:77B:,FREETEXT
MSG032,CdtTrfTxInf/RmtInf/Ustrd,RmtInf,:70:,FREETEXT
MSG032,CdtTrfTxInf/RmtInf/Strd/RfrdDocInf/Tp/CdOrPrtry/Cd,RmtInf,:70: /INV/,CODE
MSG032,CdtTrfTxInf/RmtInf/Strd/RfrdDocInf/Nb,RmtInf,:70: /INV/,CODE
MSG033,GrpHdr/MsgId,GrpHdr,:20:,DIRECT
MSG033,GrpHdr/CreDtTm,GrpHdr,conversion time,INFERRED
MSG033,GrpHdr/NbOfTxs,GrpHdr,structure,INFERRED
MSG033,GrpHdr/SttlmInf/SttlmMtd,GrpHdr,:53A:/:54A: presence,INFERRED
MSG033,GrpHdr/SttlmInf/InstgRmbrsmntAgt/FinInstnId/BICFI,GrpHdr,:53A:,DIRECT
MSG033,CdtTrfTxInf/PmtId/InstrId,PmtId,:20:,DIRECT
MSG033,CdtTrfTxInf/PmtId/EndToEndId,PmtId,:70: /ROC/,CODE
MSG033,CdtTrfTxInf/PmtId/TxId,PmtId,:20:,DIRECT
MSG033,CdtTrfTxInf/PmtId/UETR,PmtId,{3:{121:}},DIRECT
MSG033,CdtTrfTxInf/PmtTpInf/SvcLvl/Prtry,PmtTpInf,:23B:,CODE
MSG033,CdtTrfTxInf/IntrBkSttlmAmt,IntrBkSttlmAmt,:32A:,DIRECT
MSG033,CdtTrfTxInf/IntrBkSttlmDt,IntrBkSttlmDt,:32A:,DIRECT
MSG033,CdtTrfTxInf/ChrgBr,ChrgBr,:71A:,CODE
MSG033,CdtTrfTxInf/InstgAgt/FinInstnId/BICFI,InstgAgt,{1:} sender LT,DIRECT
MSG033,CdtTrfTxInf/InstdAgt/FinInstnId/BICFI,InstdAgt,{2:} receiver LT,DIRECT
MSG033,CdtTrfTxInf/Dbtr/Nm,Dbtr,:50F: 1/,DIRECT
MSG033,CdtTrfTxInf/Dbtr/PstlAdr/TwnNm,Dbtr,":50F: 2/,3/",DIRECT
MSG033,CdtTrfTxInf/Dbtr/PstlAdr/Ctry,Dbtr,":50F: 2/,3/",DIRECT
MSG033,CdtTrfTxInf/Dbtr/PstlAdr/AdrLine,Dbtr,":50F: 2/,3/",FREETEXT
MSG033,CdtTrfTxInf/DbtrAcct/Id/IBAN,DbtrAcct,:50F: account line,DIRECT
MSG033,CdtTrfTxInf/DbtrAgt/FinInstnId/BICFI,DbtrAgt,:52a: absent; sender BIC assumed,INFERRED
MSG033,CdtTrfTxInf/CdtrAgt/FinInstnId/BICFI,CdtrAgt,:57A:,DIRECT
MSG033,CdtTrfTxInf/Cdtr/Nm,Cdtr,:59: line 1,DIRECT
MSG033,CdtTrfTxInf/Cdtr/PstlAdr/StrtNm,Cdtr,:59:,PARSED
MSG033,CdtTrfTxInf/Cdtr/PstlAdr/BldgNb,Cdtr,:59:,PARSED
MSG033,CdtTrfTxInf/Cdtr/PstlAdr/TwnNm,Cdtr,:59:,PARSED
MSG033,CdtTrfTxInf/Cdtr/PstlAdr/Ctry,Cdtr,:59:,PARSED
MSG033,CdtTrfTxInf/CdtrAcct/Id/IBAN,CdtrAcct,:59: account line,DIRECT
MSG033,CdtTrfTxInf/RmtInf/Ustrd,RmtInf,:70:,FREETEXT
MSG033,CdtTrfTxInf/RmtInf/Strd/RfrdDocInf/Tp/CdOrPrtry/Cd,RmtInf,:70: /INV/,CODE
MSG033,CdtTrfTxInf/RmtInf/Strd/RfrdDocInf/Nb,RmtInf,:70: /INV/,CODE
MSG034,GrpHdr/MsgId,GrpHdr,:20:,DIRECT
MSG034,GrpHdr/CreDtTm,GrpHdr,conversion time,INFERRED
MSG034,GrpHdr/NbOfTxs,GrpHdr,structure,INFERRED
MSG034,GrpHdr/SttlmInf/SttlmMtd,GrpHdr,:53A:/:54A: presence,INFERRED
MSG034,CdtTrfTxInf/PmtId/InstrId,PmtId,:20:,DIRECT
MSG034,CdtTrfTxInf/PmtId/EndToEndId,PmtId,no /ROC/ in :70:,INFERRED
MSG034,CdtTrfTxInf/PmtId/TxId,PmtId,:20:,DIRECT
MSG034,CdtTrfTxInf/PmtId/UETR,PmtId,{3:{121:}},DIRECT
MSG034,CdtTrfTxInf/PmtTpInf/SvcLvl/Prtry,PmtTpInf,:23B:,CODE
MSG034,CdtTrfTxInf/IntrBkSttlmAmt,IntrBkSttlmAmt,:32A:,DIRECT
MSG034,CdtTrfTxInf/IntrBkSttlmDt,IntrBkSttlmDt,:32A:,DIRECT
MSG034,CdtTrfTxInf/ChrgBr,ChrgBr,:71A:,CODE
MSG034,CdtTrfTxInf/InstgAgt/FinInstnId/BICFI,InstgAgt,{1:} sender LT,DIRECT
MSG034,CdtTrfTxInf/InstdAgt/FinInstnId/BICFI,InstdAgt,{2:} receiver LT,DIRECT
MSG034,CdtTrfTxInf/Dbtr/Nm,Dbtr,:50K: line 1,DIRECT
MSG034,CdtTrfTxInf/Dbtr/PstlAdr/TwnNm,Dbtr,:50K:,PARSED
MSG034,CdtTrfTxInf/Dbtr/PstlAdr/Ctry,Dbtr,:50K:,PARSED
MSG034,CdtTrfTxInf/Dbtr/PstlAdr/AdrLine,Dbtr,:50K:,FREETEXT
MSG034,CdtTrfTxInf/DbtrAcct/Id/IBAN,DbtrAcct,:50K: account line,DIRECT
MSG034,CdtTrfTxInf/DbtrAgt/FinInstnId/BICFI,DbtrAgt,:52a: absent; sender BIC assumed,INFERRED
MSG034,CdtTrfTxInf/CdtrAgt/FinInstnId/BICFI,CdtrAgt,:57a: absent; receiver BIC assumed,INFERRED
MSG034,CdtTrfTxInf/Cdtr/Nm,Cdtr,:59: line 1,DIRECT
MSG034,CdtTrfTxInf/Cdtr/PstlAdr/PstCd,Cdtr,:59:,PARSED
MSG034,CdtTrfTxInf/Cdtr/PstlAdr/TwnNm,Cdtr,:59:,PARSED
MSG034,CdtTrfTxInf/Cdtr/PstlAdr/Ctry,Cdtr,:59:,PARSED
MSG034,CdtTrfTxInf/Cdtr/PstlAdr/AdrLine,Cdtr,:59:,FREETEXT
MSG034,CdtTrfTxInf/CdtrAcct/Id/IBAN,CdtrAcct,:59: account line,DIRECT
MSG034,CdtTrfTxInf/RmtInf/Ustrd,RmtInf,:70:,FREETEXT
MSG034,CdtTrfTxInf/RmtInf/Strd/CdtrRefInf/Ref,RmtInf,:70: /RFB/,CODE
MSG035,GrpHdr/MsgId,GrpHdr,:20:,DIRECT
MSG035,GrpHdr/CreDtTm,GrpHdr,conversion time,INFERRED
MSG035,GrpHdr/NbOfTxs,GrpHdr,structure,INFERRED
MSG035,GrpHdr/SttlmInf/SttlmMtd,GrpHdr,:53A:/:54A: presence,INFERRED
MSG035,CdtTrfTxInf/PmtId/InstrId,PmtId,:20:,DIRECT
MSG035,CdtTrfTxInf/PmtId/EndToEndId,PmtId,no /ROC/ in :70:,INFERRED
MSG035,CdtTrfTxInf/PmtId/TxId,PmtId,:20:,DIRECT
MSG035,CdtTrfTxInf/PmtId/UETR,PmtId,{3:{121:}},DIRECT
MSG035,CdtTrfTxInf/IntrBkSttlmAmt,IntrBkSttlmAmt,:32A:,DIRECT
MSG035,CdtTrfTxInf/IntrBkSttlmDt,IntrBkSttlmDt,:32A:,DIRECT
MSG035,CdtTrfTxInf/InstdAmt,InstdAmt,:33B:,DIRECT
MSG035,CdtTrfTxInf/XchgRate,XchgRate,:36:,DIRECT
MSG035,CdtTrfTxInf/ChrgBr,ChrgBr,:71A:,CODE
MSG035,CdtTrfTxInf/ChrgsInf/Amt,ChrgsInf,:71F:,DIRECT
MSG035,CdtTrfTxInf/ChrgsInf/Agt/FinInstnId/BICFI,ChrgsInf,71F: agent not stated; header BIC assumed,INFERRED
MSG035,CdtTrfTxInf/InstgAgt/FinInstnId/BICFI,InstgAgt,{1:} sender LT,DIRECT
MSG035,CdtTrfTxInf/InstdAgt/FinInstnId/BICFI,InstdAgt,{2:} receiver LT,DIRECT
MSG035,CdtTrfTxInf/Dbtr/Nm,Dbtr,:50F: 1/,DIRECT
MSG035,CdtTrfTxInf/Dbtr/PstlAdr/TwnNm,Dbtr,":50F: 2/,3/",DIRECT
MSG035,CdtTrfTxInf/Dbtr/PstlAdr/Ctry,Dbtr,":50F: 2/,3/",DIRECT
MSG035,CdtTrfTxInf/Dbtr/PstlAdr/AdrLine,Dbtr,":50F: 2/,3/",FREETEXT
MSG035,CdtTrfTxInf/DbtrAcct/Id/IBAN,DbtrAcct,:50F: account line,DIRECT
MSG035,CdtTrfTxInf/DbtrAgt/FinInstnId/BICFI,DbtrAgt,:52A:,DIRECT
MSG035,CdtTrfTxInf/CdtrAgt/FinInstnId/BICFI,CdtrAgt,:57a: absent; receiver BIC assumed,INFERRED
MSG035,CdtTrfTxInf/Cdtr/Nm,Cdtr,:59: line 1,DIRECT
MSG035,CdtTrfTxInf/Cdtr/PstlAdr/TwnNm,Cdtr,:59:,PARSED
MSG035,CdtTrfTxInf/Cdtr/PstlAdr/Ctry,Cdtr,:59:,PARSED
MSG035,CdtTrfTxInf/Cdtr/PstlAdr/AdrLine,Cdtr,:59:,FREETEXT
MSG035,CdtTrfTxInf/CdtrAcct/Id/IBAN,CdtrAcct,:59: account line,DIRECT
MSG035,CdtTrfTxInf/InstrForNxtAgt/InstrInf,InstrForNxtAgt,:72:,FREETEXT
MSG035,CdtTrfTxInf/InstrForNxtAgt/InstrInf,InstrForNxtAgt,:72:,FREETEXT
MSG035,CdtTrfTxInf/RmtInf/Ustrd,RmtInf,:70:,FREETEXT
MSG035,CdtTrfTxInf/RmtInf/Strd/RfrdDocInf/Tp/CdOrPrtry/Cd,RmtInf,:70: /INV/,CODE
MSG035,CdtTrfTxInf/RmtInf/Strd/RfrdDocInf/Nb,RmtInf,:70: /INV/,CODE
MSG036,GrpHdr/MsgId,GrpHdr,:20:,DIRECT
MSG036,GrpHdr/CreDtTm,GrpHdr,conversion time,INFERRED
MSG036,GrpHdr/NbOfTxs,GrpHdr,structure,INFERRED
MSG036,GrpHdr/SttlmInf/SttlmMtd,GrpHdr,:53A:/:54A: presence,INFERRED
MSG036,CdtTrfTxInf/PmtId/InstrId,PmtId,:20:,DIRECT
MSG036,CdtTrfTxInf/PmtId/EndToEndId,PmtId,no /ROC/ in :70:,INFERRED
MSG036,CdtTrfTxInf/PmtId/TxId,PmtId,:20:,DIRECT
MSG036,CdtTrfTxInf/PmtId/UETR,PmtId,{3:{121:}},DIRECT
MSG036,CdtTrfTxInf/IntrBkSttlmAmt,IntrBkSttlmAmt,:32A:,DIRECT
MSG036,CdtTrfTxInf/IntrBkSttlmDt,IntrBkSttlmDt,:32A:,DIRECT
MSG036,CdtTrfTxInf/ChrgBr,ChrgBr,:71A:,CODE
MSG036,CdtTrfTxInf/InstgAgt/FinInstnId/BICFI,InstgAgt,{1:} sender LT,DIRECT
MSG036,CdtTrfTxInf/InstdAgt/FinInstnId/BICFI,InstdAgt,{2:} receiver LT,DIRECT
MSG036,CdtTrfTxInf/IntrmyAgt1/FinInstnId/BICFI,IntrmyAgt1,:56A:,DIRECT
MSG036,CdtTrfTxInf/Dbtr/Nm,Dbtr,:50K: line 1,DIRECT
MSG036,CdtTrfTxInf/Dbtr/PstlAdr/TwnNm,Dbtr,:50K:,PARSED
MSG036,CdtTrfTxInf/Dbtr/PstlAdr/Ctry,Dbtr,:50K:,PARSED
MSG036,CdtTrfTxInf/Dbtr/PstlAdr/AdrLine,Dbtr,:50K:,FREETEXT
MSG036,CdtTrfTxInf/DbtrAcct/Id/IBAN,DbtrAcct,:50K: account line,DIRECT
MSG036,CdtTrfTxInf/DbtrAgt/FinInstnId/BICFI,DbtrAgt,:52A:,DIRECT
MSG036,CdtTrfTxInf/CdtrAgt/FinInstnId/BICFI,CdtrAgt,:57A:,DIRECT
MSG036,CdtTrfTxInf/Cdtr/Nm,Cdtr,:59: line 1,DIRECT
MSG036,CdtTrfTxInf/Cdtr/PstlAdr/StrtNm,Cdtr,:59:,PARSED
MSG036,CdtTrfTxInf/Cdtr/PstlAdr/BldgNb,Cdtr,:59:,PARSED
MSG036,CdtTrfTxInf/Cdtr/PstlAdr/PstCd,Cdtr,:59:,PARSED
MSG036,CdtTrfTxInf/Cdtr/PstlAdr/TwnNm,Cdtr,:59:,PARSED
MSG036,CdtTrfTxInf/Cdtr/PstlAdr/Ctry,Cdtr,:59:,PARSED
MSG036,CdtTrfTxInf/CdtrAcct/Id/IBAN,CdtrAcct,:59: account line,DIRECT
MSG036,CdtTrfTxInf/RmtInf/Ustrd,RmtInf,:70:,FREETEXT
MSG037,GrpHdr/MsgId,GrpHdr,:20:,DIRECT
MSG037,GrpHdr/CreDtTm,GrpHdr,conversion time,INFERRED
MSG037,GrpHdr/NbOfTxs,GrpHdr,structure,INFERRED
MSG037,GrpHdr/SttlmInf/SttlmMtd,GrpHdr,:53A:/:54A: presence,INFERRED
MSG037,CdtTrfTxInf/PmtId/InstrId,PmtId,:20:,DIRECT
MSG037,CdtTrfTxInf/PmtId/EndToEndId,PmtId,no /ROC/ in :70:,INFERRED
MSG037,CdtTrfTxInf/PmtId/TxId,PmtId,:20:,DIRECT
MSG037,CdtTrfTxInf/PmtId/UETR,PmtId,generated by translator,INFERRED
MSG037,CdtTrfTxInf/IntrBkSttlmAmt,IntrBkSttlmAmt,:32A:,DIRECT
MSG037,CdtTrfTxInf/IntrBkSttlmDt,IntrBkSttlmDt,:32A:,DIRECT
MSG037,CdtTrfTxInf/ChrgBr,ChrgBr,:71A:,CODE
MSG037,CdtTrfTxInf/ChrgsInf/Amt,ChrgsInf,:71F:,DIRECT
MSG037,CdtTrfTxInf/ChrgsInf/Agt/FinInstnId/BICFI,ChrgsInf,71F: agent not stated; header BIC assumed,INFERRED
MSG037,CdtTrfTxInf/InstgAgt/FinInstnId/BICFI,InstgAgt,{1:} sender LT,DIRECT
MSG037,CdtTrfTxInf/InstdAgt/FinInstnId/BICFI,InstdAgt,{2:} receiver LT,DIRECT
MSG037,CdtTrfTxInf/IntrmyAgt1/FinInstnId/BICFI,IntrmyAgt1,:56A:,DIRECT
MSG037,CdtTrfTxInf/Dbtr/Nm,Dbtr,:50F: 1/,DIRECT
MSG037,CdtTrfTxInf/Dbtr/PstlAdr/TwnNm,Dbtr,":50F: 2/,3/",DIRECT
MSG037,CdtTrfTxInf/Dbtr/PstlAdr/Ctry,Dbtr,":50F: 2/,3/",DIRECT
MSG037,CdtTrfTxInf/Dbtr/PstlAdr/AdrLine,Dbtr,":50F: 2/,3/",FREETEXT
MSG037,CdtTrfTxInf/DbtrAcct/Id/IBAN,DbtrAcct,:50F: account line,DIRECT
MSG037,CdtTrfTxInf/DbtrAgt/FinInstnId/BICFI,DbtrAgt,:52A:,DIRECT
MSG037,CdtTrfTxInf/CdtrAgt/FinInstnId/BICFI,CdtrAgt,:57a: absent; receiver BIC assumed,INFERRED
MSG037,CdtTrfTxInf/Cdtr/Nm,Cdtr,:59: line 1,DIRECT
MSG037,CdtTrfTxInf/Cdtr/PstlAdr/StrtNm,Cdtr,:59:,PARSED
MSG037,CdtTrfTxInf/Cdtr/PstlAdr/BldgNb,Cdtr,:59:,PARSED
MSG037,CdtTrfTxInf/Cdtr/PstlAdr/PstCd,Cdtr,:59:,PARSED
MSG037,CdtTrfTxInf/Cdtr/PstlAdr/TwnNm,Cdtr,:59:,PARSED
MSG037,CdtTrfTxInf/Cdtr/PstlAdr/Ctry,Cdtr,:59:,PARSED
MSG037,CdtTrfTxInf/CdtrAcct/Id/Othr/Id,CdtrAcct,:59: account line,DIRECT
MSG037,CdtTrfTxInf/RmtInf/Ustrd,RmtInf,:70:,FREETEXT
MSG037,CdtTrfTxInf/RmtInf/Strd/RfrdDocInf/Tp/CdOrPrtry/Cd,RmtInf,:70: /INV/,CODE
MSG037,CdtTrfTxInf/RmtInf/Strd/RfrdDocInf/Nb,RmtInf,:70: /INV/,CODE
MSG038,GrpHdr/MsgId,GrpHdr,:20:,DIRECT
MSG038,GrpHdr/CreDtTm,GrpHdr,conversion time,INFERRED
MSG038,GrpHdr/NbOfTxs,GrpHdr,structure,INFERRED
MSG038,GrpHdr/SttlmInf/SttlmMtd,GrpHdr,:53A:/:54A: presence,INFERRED
MSG038,CdtTrfTxInf/PmtId/InstrId,PmtId,:20:,DIRECT
MSG038,CdtTrfTxInf/PmtId/EndToEndId,PmtId,no /ROC/ in :70:,INFERRED
MSG038,CdtTrfTxInf/PmtId/TxId,PmtId,:20:,DIRECT
MSG038,CdtTrfTxInf/PmtId/UETR,PmtId,{3:{121:}},DIRECT
MSG038,CdtTrfTxInf/IntrBkSttlmAmt,IntrBkSttlmAmt,:32A:,DIRECT
MSG038,CdtTrfTxInf/IntrBkSttlmDt,IntrBkSttlmDt,:32A:,DIRECT
MSG038,CdtTrfTxInf/ChrgBr,ChrgBr,:71A:,CODE
MSG038,CdtTrfTxInf/ChrgsInf/Amt,ChrgsInf,:71G:,DIRECT
MSG038,CdtTrfTxInf/ChrgsInf/Agt/FinInstnId/BICFI,ChrgsInf,71G: agent not stated; header BIC assumed,INFERRED
MSG038,CdtTrfTxInf/InstgAgt/FinInstnId/BICFI,InstgAgt,{1:} sender LT,DIRECT
MSG038,CdtTrfTxInf/InstdAgt/FinInstnId/BICFI,InstdAgt,{2:} receiver LT,DIRECT
MSG038,CdtTrfTxInf/Dbtr/Nm,Dbtr,:50K: line 1,DIRECT
MSG038,CdtTrfTxInf/Dbtr/PstlAdr/PstCd,Dbtr,:50K:,PARSED
MSG038,CdtTrfTxInf/Dbtr/PstlAdr/TwnNm,Dbtr,:50K:,PARSED
MSG038,CdtTrfTxInf/Dbtr/PstlAdr/Ctry,Dbtr,:50K:,PARSED
MSG038,CdtTrfTxInf/Dbtr/PstlAdr/AdrLine,Dbtr,:50K:,FREETEXT
MSG038,CdtTrfTxInf/DbtrAcct/Id/IBAN,DbtrAcct,:50K: account line,DIRECT
MSG038,CdtTrfTxInf/DbtrAgt/FinInstnId/BICFI,DbtrAgt,:52a: absent; sender BIC assumed,INFERRED
MSG038,CdtTrfTxInf/CdtrAgt/FinInstnId/BICFI,CdtrAgt,:57A:,DIRECT
MSG038,CdtTrfTxInf/Cdtr/Nm,Cdtr,:59F: 1/,DIRECT
MSG038,CdtTrfTxInf/Cdtr/PstlAdr/TwnNm,Cdtr,":59F: 2/,3/",DIRECT
MSG038,CdtTrfTxInf/Cdtr/PstlAdr/Ctry,Cdtr,":59F: 2/,3/",DIRECT
MSG038,CdtTrfTxInf/Cdtr/PstlAdr/AdrLine,Cdtr,":59F: 2/,3/",FREETEXT
MSG038,CdtTrfTxInf/CdtrAcct/Id/IBAN,CdtrAcct,:59F: account line,DIRECT
MSG038,CdtTrfTxInf/RgltryRptg/Dtls/Inf,RgltryRptg,:77B:,FREETEXT
MSG038,CdtTrfTxInf/RmtInf/Ustrd,RmtInf,:70:,FREETEXT
MSG038,CdtTrfTxInf/RmtInf/Strd/RfrdDocInf/Tp/CdOrPrtry/Cd,RmtInf,:70: /INV/,CODE
MSG038,CdtTrfTxInf/RmtInf/Strd/RfrdDocInf/Nb,RmtInf,:70: /INV/,CODE
MSG039,GrpHdr/MsgId,GrpHdr,:20:,DIRECT
MSG039,GrpHdr/CreDtTm,GrpHdr,conversion time,INFERRED
MSG039,GrpHdr/NbOfTxs,GrpHdr,structure,INFERRED
MSG039,GrpHdr/SttlmInf/SttlmMtd,GrpHdr,:53A:/:54A: presence,INFERRED
MSG039,CdtTrfTxInf/PmtId/InstrId,PmtId,:20:,DIRECT
MSG039,CdtTrfTxInf/PmtId/EndToEndId,PmtId,no /ROC/ in :70:,INFERRED
MSG039,CdtTrfTxInf/PmtId/TxId,PmtId,:20:,DIRECT
MSG039,CdtTrfTxInf/PmtId/UETR,PmtId,{3:{121:}},DIRECT
MSG039,CdtTrfTxInf/PmtTpInf/SvcLvl/Prtry,PmtTpInf,:23B:,CODE
MSG039,CdtTrfTxInf/IntrBkSttlmAmt,IntrBkSttlmAmt,:32A:,DIRECT
MSG039,CdtTrfTxInf/IntrBkSttlmDt,IntrBkSttlmDt,:32A:,DIRECT
MSG039,CdtTrfTxInf/InstdAmt,InstdAmt,:33B:,DIRECT
MSG039,CdtTrfTxInf/XchgRate,XchgRate,:36:,DIRECT
MSG039,CdtTrfTxInf/ChrgBr,ChrgBr,:71A:,CODE
MSG039,CdtTrfTxInf/InstgAgt/FinInstnId/BICFI,InstgAgt,{1:} sender LT,DIRECT
MSG039,CdtTrfTxInf/InstdAgt/FinInstnId/BICFI,InstdAgt,{2:} receiver LT,DIRECT
MSG039,CdtTrfTxInf/Dbtr/Nm,Dbtr,:50K: line 1,DIRECT
MSG039,CdtTrfTxInf/Dbtr/PstlAdr/StrtNm,Dbtr,:50K:,PARSED
MSG039,CdtTrfTxInf/Dbtr/PstlAdr/BldgNb,Dbtr,:50K:,PARSED
MSG039,CdtTrfTxInf/Dbtr/PstlAdr/TwnNm,Dbtr,:50K:,PARSED
MSG039,CdtTrfTxInf/Dbtr/PstlAdr/Ctry,Dbtr,:50K:,PARSED
MSG039,CdtTrfTxInf/DbtrAcct/Id/IBAN,DbtrAcct,:50K: account line,DIRECT
MSG039,CdtTrfTxInf/DbtrAgt/FinInstnId/BICFI,DbtrAgt,:52A:,DIRECT
MSG039,CdtTrfTxInf/CdtrAgt/FinInstnId/BICFI,CdtrAgt,:57a: absent; receiver BIC assumed,INFERRED
MSG039,CdtTrfTxInf/Cdtr/Nm,Cdtr,:59: line 1,DIRECT
MSG039,CdtTrfTxInf/Cdtr/PstlAdr/TwnNm,Cdtr,:59:,PARSED
MSG039,CdtTrfTxInf/Cdtr/PstlAdr/Ctry,Cdtr,:59:,PARSED
MSG039,CdtTrfTxInf/Cdtr/PstlAdr/AdrLine,Cdtr,:59:,FREETEXT
MSG039,CdtTrfTxInf/CdtrAcct/Id/IBAN,CdtrAcct,:59: account line,DIRECT
MSG039,CdtTrfTxInf/InstrForNxtAgt/InstrInf,InstrForNxtAgt,:72:,FREETEXT
MSG039,CdtTrfTxInf/InstrForNxtAgt/InstrInf,InstrForNxtAgt,:72:,FREETEXT
MSG039,CdtTrfTxInf/RmtInf/Ustrd,RmtInf,:70:,FREETEXT
MSG039,CdtTrfTxInf/RmtInf/Strd/RfrdDocInf/Tp/CdOrPrtry/Cd,RmtInf,:70: /INV/,CODE
MSG039,CdtTrfTxInf/RmtInf/Strd/RfrdDocInf/Nb,RmtInf,:70: /INV/,CODE
MSG040,GrpHdr/MsgId,GrpHdr,:20:,DIRECT
MSG040,GrpHdr/CreDtTm,GrpHdr,conversion time,INFERRED
MSG040,GrpHdr/NbOfTxs,GrpHdr,structure,INFERRED
MSG040,GrpHdr/SttlmInf/SttlmMtd,GrpHdr,:53A:/:54A: presence,INFERRED
MSG040,CdtTrfTxInf/PmtId/InstrId,PmtId,:20:,DIRECT
MSG040,CdtTrfTxInf/PmtId/EndToEndId,PmtId,no /ROC/ in :70:,INFERRED
MSG040,CdtTrfTxInf/PmtId/TxId,PmtId,:20:,DIRECT
MSG040,CdtTrfTxInf/PmtId/UETR,PmtId,generated by translator,INFERRED
MSG040,CdtTrfTxInf/IntrBkSttlmAmt,IntrBkSttlmAmt,:32A:,DIRECT
MSG040,CdtTrfTxInf/IntrBkSttlmDt,IntrBkSttlmDt,:32A:,DIRECT
MSG040,CdtTrfTxInf/InstdAmt,InstdAmt,:33B:,DIRECT
MSG040,CdtTrfTxInf/XchgRate,XchgRate,:36:,DIRECT
MSG040,CdtTrfTxInf/ChrgBr,ChrgBr,:71A:,CODE
MSG040,CdtTrfTxInf/InstgAgt/FinInstnId/BICFI,InstgAgt,{1:} sender LT,DIRECT
MSG040,CdtTrfTxInf/InstdAgt/FinInstnId/BICFI,InstdAgt,{2:} receiver LT,DIRECT
MSG040,CdtTrfTxInf/Dbtr/Nm,Dbtr,:50K: line 1,DIRECT
MSG040,CdtTrfTxInf/Dbtr/PstlAdr/StrtNm,Dbtr,:50K:,PARSED
MSG040,CdtTrfTxInf/Dbtr/PstlAdr/BldgNb,Dbtr,:50K:,PARSED
MSG040,CdtTrfTxInf/Dbtr/PstlAdr/PstCd,Dbtr,:50K:,PARSED
MSG040,CdtTrfTxInf/Dbtr/PstlAdr/TwnNm,Dbtr,:50K:,PARSED
MSG040,CdtTrfTxInf/Dbtr/PstlAdr/Ctry,Dbtr,:50K:,PARSED
MSG040,CdtTrfTxInf/DbtrAcct/Id/IBAN,DbtrAcct,:50K: account line,DIRECT
MSG040,CdtTrfTxInf/DbtrAgt/FinInstnId/BICFI,DbtrAgt,:52A:,DIRECT
MSG040,CdtTrfTxInf/CdtrAgt/FinInstnId/BICFI,CdtrAgt,:57a: absent; receiver BIC assumed,INFERRED
MSG040,CdtTrfTxInf/Cdtr/Nm,Cdtr,:59: line 1,DIRECT
MSG040,CdtTrfTxInf/Cdtr/PstlAdr/PstCd,Cdtr,:59:,PARSED
MSG040,CdtTrfTxInf/Cdtr/PstlAdr/TwnNm,Cdtr,:59:,PARSED
MSG040,CdtTrfTxInf/Cdtr/PstlAdr/Ctry,Cdtr,:59:,PARSED
MSG040,CdtTrfTxInf/Cdtr/PstlAdr/AdrLine,Cdtr,:59:,FREETEXT
MSG040,CdtTrfTxInf/CdtrAcct/Id/IBAN,CdtrAcct,:59: account line,DIRECT
MSG040,CdtTrfTxInf/RmtInf/Ustrd,RmtInf,:70:,FREETEXT
MSG040,CdtTrfTxInf/RmtInf/Strd/RfrdDocInf/Tp/CdOrPrtry/Cd,RmtInf,:70: /INV/,CODE
MSG040,CdtTrfTxInf/RmtInf/Strd/RfrdDocInf/Nb,RmtInf,:70: /INV/,CODE
MSG041,GrpHdr/MsgId,GrpHdr,:20:,DIRECT
MSG041,GrpHdr/CreDtTm,GrpHdr,conversion time,INFERRED
MSG041,GrpHdr/NbOfTxs,GrpHdr,structure,INFERRED
MSG041,GrpHdr/SttlmInf/SttlmMtd,GrpHdr,:53A:/:54A: presence,INFERRED
MSG041,CdtTrfTxInf/PmtId/InstrId,PmtId,:20:,DIRECT
MSG041,CdtTrfTxInf/PmtId/EndToEndId,PmtId,no /ROC/ in :70:,INFERRED
MSG041,CdtTrfTxInf/PmtId/TxId,PmtId,:20:,DIRECT
MSG041,CdtTrfTxInf/PmtId/UETR,PmtId,generated by translator,INFERRED
MSG041,CdtTrfTxInf/PmtTpInf/SvcLvl/Prtry,PmtTpInf,:23B:,CODE
MSG041,CdtTrfTxInf/IntrBkSttlmAmt,IntrBkSttlmAmt,:32A:,DIRECT
MSG041,CdtTrfTxInf/IntrBkSttlmDt,IntrBkSttlmDt,:32A:,DIRECT
MSG041,CdtTrfTxInf/ChrgBr,ChrgBr,:71A:,CODE
MSG041,CdtTrfTxInf/ChrgsInf/Amt,ChrgsInf,:71F:,DIRECT
MSG041,CdtTrfTxInf/ChrgsInf/Agt/FinInstnId/BICFI,ChrgsInf,71F: agent not stated; header BIC assumed,INFERRED
MSG041,CdtTrfTxInf/InstgAgt/FinInstnId/BICFI,InstgAgt,{1:} sender LT,DIRECT
MSG041,CdtTrfTxInf/InstdAgt/FinInstnId/BICFI,InstdAgt,{2:} receiver LT,DIRECT
MSG041,CdtTrfTxInf/Dbtr/Nm,Dbtr,:50F: 1/,DIRECT
MSG041,CdtTrfTxInf/Dbtr/PstlAdr/TwnNm,Dbtr,":50F: 2/,3/",DIRECT
MSG041,CdtTrfTxInf/Dbtr/PstlAdr/Ctry,Dbtr,":50F: 2/,3/",DIRECT
MSG041,CdtTrfTxInf/Dbtr/PstlAdr/AdrLine,Dbtr,":50F: 2/,3/",FREETEXT
MSG041,CdtTrfTxInf/DbtrAcct/Id/IBAN,DbtrAcct,:50F: account line,DIRECT
MSG041,CdtTrfTxInf/DbtrAgt/FinInstnId/BICFI,DbtrAgt,:52A:,DIRECT
MSG041,CdtTrfTxInf/CdtrAgt/FinInstnId/BICFI,CdtrAgt,:57a: absent; receiver BIC assumed,INFERRED
MSG041,CdtTrfTxInf/Cdtr/Nm,Cdtr,:59: line 1,DIRECT
MSG041,CdtTrfTxInf/Cdtr/PstlAdr/StrtNm,Cdtr,:59:,PARSED
MSG041,CdtTrfTxInf/Cdtr/PstlAdr/BldgNb,Cdtr,:59:,PARSED
MSG041,CdtTrfTxInf/Cdtr/PstlAdr/TwnNm,Cdtr,:59:,PARSED
MSG041,CdtTrfTxInf/Cdtr/PstlAdr/Ctry,Cdtr,:59:,PARSED
MSG041,CdtTrfTxInf/CdtrAcct/Id/Othr/Id,CdtrAcct,:59: account line,DIRECT
MSG041,CdtTrfTxInf/RmtInf/Ustrd,RmtInf,:70:,FREETEXT
MSG041,CdtTrfTxInf/RmtInf/Strd/RfrdDocInf/Tp/CdOrPrtry/Cd,RmtInf,:70: /INV/,CODE
MSG041,CdtTrfTxInf/RmtInf/Strd/RfrdDocInf/Nb,RmtInf,:70: /INV/,CODE
MSG042,GrpHdr/MsgId,GrpHdr,:20:,DIRECT
MSG042,GrpHdr/CreDtTm,GrpHdr,conversion time,INFERRED
MSG042,GrpHdr/NbOfTxs,GrpHdr,structure,INFERRED
MSG042,GrpHdr/SttlmInf/SttlmMtd,GrpHdr,:53A:/:54A: presence,INFERRED
MSG042,GrpHdr/SttlmInf/InstgRmbrsmntAgt/FinInstnId/BICFI,GrpHdr,:53A:,DIRECT
MSG042,CdtTrfTxInf/PmtId/InstrId,PmtId,:20:,DIRECT
MSG042,CdtTrfTxInf/PmtId/EndToEndId,PmtId,no /ROC/ in :70:,INFERRED
MSG042,CdtTrfTxInf/PmtId/TxId,PmtId,:20:,DIRECT
MSG042,CdtTrfTxInf/PmtId/UETR,PmtId,generated by translator,INFERRED
MSG042,CdtTrfTxInf/IntrBkSttlmAmt,IntrBkSttlmAmt,:32A:,DIRECT
MSG042,CdtTrfTxInf/IntrBkSttlmDt,IntrBkSttlmDt,:32A:,DIRECT
MSG042,CdtTrfTxInf/ChrgBr,ChrgBr,:71A:,CODE
MSG042,CdtTrfTxInf/InstgAgt/FinInstnId/BICFI,InstgAgt,{1:} sender LT,DIRECT
MSG042,CdtTrfTxInf/InstdAgt/FinInstnId/BICFI,InstdAgt,{2:} receiver LT,DIRECT
MSG042,CdtTrfTxInf/Dbtr/Nm,Dbtr,:50K: line 1,DIRECT
MSG042,CdtTrfTxInf/Dbtr/PstlAdr/PstCd,Dbtr,:50K:,PARSED
MSG042,CdtTrfTxInf/Dbtr/PstlAdr/TwnNm,Dbtr,:50K:,PARSED
MSG042,CdtTrfTxInf/Dbtr/PstlAdr/Ctry,Dbtr,:50K:,PARSED
MSG042,CdtTrfTxInf/Dbtr/PstlAdr/AdrLine,Dbtr,:50K:,FREETEXT
MSG042,CdtTrfTxInf/DbtrAcct/Id/IBAN,DbtrAcct,:50K: account line,DIRECT
MSG042,CdtTrfTxInf/DbtrAgt/FinInstnId/BICFI,DbtrAgt,:52A:,DIRECT
MSG042,CdtTrfTxInf/CdtrAgt/FinInstnId/BICFI,CdtrAgt,:57a: absent; receiver BIC assumed,INFERRED
MSG042,CdtTrfTxInf/Cdtr/Nm,Cdtr,:59: line 1,DIRECT
MSG042,CdtTrfTxInf/Cdtr/PstlAdr/PstCd,Cdtr,:59:,PARSED
MSG042,CdtTrfTxInf/Cdtr/PstlAdr/TwnNm,Cdtr,:59:,PARSED
MSG042,CdtTrfTxInf/Cdtr/PstlAdr/Ctry,Cdtr,:59:,PARSED
MSG042,CdtTrfTxInf/Cdtr/PstlAdr/AdrLine,Cdtr,:59:,FREETEXT
MSG042,CdtTrfTxInf/CdtrAcct/Id/IBAN,CdtrAcct,:59: account line,DIRECT
MSG042,CdtTrfTxInf/RmtInf/Ustrd,RmtInf,:70:,FREETEXT
MSG043,GrpHdr/MsgId,GrpHdr,:20:,DIRECT
MSG043,GrpHdr/CreDtTm,GrpHdr,conversion time,INFERRED
MSG043,GrpHdr/NbOfTxs,GrpHdr,structure,INFERRED
MSG043,GrpHdr/SttlmInf/SttlmMtd,GrpHdr,:53A:/:54A: presence,INFERRED
MSG043,CdtTrfTxInf/PmtId/InstrId,PmtId,:20:,DIRECT
MSG043,CdtTrfTxInf/PmtId/EndToEndId,PmtId,:70: /ROC/,CODE
MSG043,CdtTrfTxInf/PmtId/TxId,PmtId,:20:,DIRECT
MSG043,CdtTrfTxInf/PmtId/UETR,PmtId,{3:{121:}},DIRECT
MSG043,CdtTrfTxInf/PmtTpInf/SvcLvl/Prtry,PmtTpInf,:23B:,CODE
MSG043,CdtTrfTxInf/IntrBkSttlmAmt,IntrBkSttlmAmt,:32A:,DIRECT
MSG043,CdtTrfTxInf/IntrBkSttlmDt,IntrBkSttlmDt,:32A:,DIRECT
MSG043,CdtTrfTxInf/InstdAmt,InstdAmt,:33B:,DIRECT
MSG043,CdtTrfTxInf/XchgRate,XchgRate,:36:,DIRECT
MSG043,CdtTrfTxInf/ChrgBr,ChrgBr,:71A:,CODE
MSG043,CdtTrfTxInf/InstgAgt/FinInstnId/BICFI,InstgAgt,{1:} sender LT,DIRECT
MSG043,CdtTrfTxInf/InstdAgt/FinInstnId/BICFI,InstdAgt,{2:} receiver LT,DIRECT
MSG043,CdtTrfTxInf/Dbtr/Nm,Dbtr,:50K: line 1,DIRECT
MSG043,CdtTrfTxInf/Dbtr/PstlAdr/PstCd,Dbtr,:50K:,PARSED
MSG043,CdtTrfTxInf/Dbtr/PstlAdr/TwnNm,Dbtr,:50K:,PARSED
MSG043,CdtTrfTxInf/Dbtr/PstlAdr/Ctry,Dbtr,:50K:,PARSED
MSG043,CdtTrfTxInf/Dbtr/PstlAdr/AdrLine,Dbtr,:50K:,FREETEXT
MSG043,CdtTrfTxInf/DbtrAcct/Id/IBAN,DbtrAcct,:50K: account line,DIRECT
MSG043,CdtTrfTxInf/DbtrAgt/FinInstnId/BICFI,DbtrAgt,:52A:,DIRECT
MSG043,CdtTrfTxInf/CdtrAgt/FinInstnId/BICFI,CdtrAgt,:57a: absent; receiver BIC assumed,INFERRED
MSG043,CdtTrfTxInf/Cdtr/Nm,Cdtr,:59: line 1,DIRECT
MSG043,CdtTrfTxInf/Cdtr/PstlAdr/StrtNm,Cdtr,:59:,PARSED
MSG043,CdtTrfTxInf/Cdtr/PstlAdr/BldgNb,Cdtr,:59:,PARSED
MSG043,CdtTrfTxInf/Cdtr/PstlAdr/PstCd,Cdtr,:59:,PARSED
MSG043,CdtTrfTxInf/Cdtr/PstlAdr/TwnNm,Cdtr,:59:,PARSED
MSG043,CdtTrfTxInf/Cdtr/PstlAdr/Ctry,Cdtr,:59:,PARSED
MSG043,CdtTrfTxInf/CdtrAcct/Id/IBAN,CdtrAcct,:59: account line,DIRECT
MSG043,CdtTrfTxInf/RmtInf/Ustrd,RmtInf,:70:,FREETEXT
MSG043,CdtTrfTxInf/RmtInf/Strd/RfrdDocInf/Tp/CdOrPrtry/Cd,RmtInf,:70: /INV/,CODE
MSG043,CdtTrfTxInf/RmtInf/Strd/RfrdDocInf/Nb,RmtInf,:70: /INV/,CODE
MSG044,GrpHdr/MsgId,GrpHdr,:20:,DIRECT
MSG044,GrpHdr/CreDtTm,GrpHdr,conversion time,INFERRED
MSG044,GrpHdr/NbOfTxs,GrpHdr,structure,INFERRED
MSG044,GrpHdr/SttlmInf/SttlmMtd,GrpHdr,:53A:/:54A: presence,INFERRED
MSG044,CdtTrfTxInf/PmtId/InstrId,PmtId,:20:,DIRECT
MSG044,CdtTrfTxInf/PmtId/EndToEndId,PmtId,no /ROC/ in :70:,INFERRED
MSG044,CdtTrfTxInf/PmtId/TxId,PmtId,:20:,DIRECT
MSG044,CdtTrfTxInf/PmtId/UETR,PmtId,{3:{121:}},DIRECT
MSG044,CdtTrfTxInf/PmtTpInf/SvcLvl/Prtry,PmtTpInf,:23B:,CODE
MSG044,CdtTrfTxInf/IntrBkSttlmAmt,IntrBkSttlmAmt,:32A:,DIRECT
MSG044,CdtTrfTxInf/IntrBkSttlmDt,IntrBkSttlmDt,:32A:,DIRECT
MSG044,CdtTrfTxInf/ChrgBr,ChrgBr,:71A:,CODE
MSG044,CdtTrfTxInf/InstgAgt/FinInstnId/BICFI,InstgAgt,{1:} sender LT,DIRECT
MSG044,CdtTrfTxInf/InstdAgt/FinInstnId/BICFI,InstdAgt,{2:} receiver LT,DIRECT
MSG044,CdtTrfTxInf/Dbtr/Nm,Dbtr,:50K: line 1,DIRECT
MSG044,CdtTrfTxInf/Dbtr/PstlAdr/TwnNm,Dbtr,:50K:,PARSED
MSG044,CdtTrfTxInf/Dbtr/PstlAdr/Ctry,Dbtr,:50K:,PARSED
MSG044,CdtTrfTxInf/Dbtr/PstlAdr/AdrLine,Dbtr,:50K:,FREETEXT
MSG044,CdtTrfTxInf/DbtrAcct/Id/IBAN,DbtrAcct,:50K: account line,DIRECT
MSG044,CdtTrfTxInf/DbtrAgt/FinInstnId/BICFI,DbtrAgt,:52a: absent; sender BIC assumed,INFERRED
MSG044,CdtTrfTxInf/CdtrAgt/FinInstnId/BICFI,CdtrAgt,:57a: absent; receiver BIC assumed,INFERRED
MSG044,CdtTrfTxInf/Cdtr/Nm,Cdtr,:59: line 1,DIRECT
MSG044,CdtTrfTxInf/Cdtr/PstlAdr/StrtNm,Cdtr,:59:,PARSED
MSG044,CdtTrfTxInf/Cdtr/PstlAdr/BldgNb,Cdtr,:59:,PARSED
MSG044,CdtTrfTxInf/Cdtr/PstlAdr/PstCd,Cdtr,:59:,PARSED
MSG044,CdtTrfTxInf/Cdtr/PstlAdr/TwnNm,Cdtr,:59:,PARSED
MSG044,CdtTrfTxInf/Cdtr/PstlAdr/Ctry,Cdtr,:59:,PARSED
MSG044,CdtTrfTxInf/CdtrAcct/Id/IBAN,CdtrAcct,:59: account line,DIRECT
MSG044,CdtTrfTxInf/InstrForNxtAgt/InstrInf,InstrForNxtAgt,:72:,FREETEXT
MSG044,CdtTrfTxInf/InstrForNxtAgt/InstrInf,InstrForNxtAgt,:72:,FREETEXT
MSG044,CdtTrfTxInf/RmtInf/Ustrd,RmtInf,:70:,FREETEXT
MSG045,GrpHdr/MsgId,GrpHdr,:20:,DIRECT
MSG045,GrpHdr/CreDtTm,GrpHdr,conversion time,INFERRED
MSG045,GrpHdr/NbOfTxs,GrpHdr,structure,INFERRED
MSG045,GrpHdr/SttlmInf/SttlmMtd,GrpHdr,:53A:/:54A: presence,INFERRED
MSG045,CdtTrfTxInf/PmtId/InstrId,PmtId,:20:,DIRECT
MSG045,CdtTrfTxInf/PmtId/EndToEndId,PmtId,:70: /ROC/,CODE
MSG045,CdtTrfTxInf/PmtId/TxId,PmtId,:20:,DIRECT
MSG045,CdtTrfTxInf/PmtId/UETR,PmtId,{3:{121:}},DIRECT
MSG045,CdtTrfTxInf/PmtTpInf/SvcLvl/Prtry,PmtTpInf,:23B:,CODE
MSG045,CdtTrfTxInf/IntrBkSttlmAmt,IntrBkSttlmAmt,:32A:,DIRECT
MSG045,CdtTrfTxInf/IntrBkSttlmDt,IntrBkSttlmDt,:32A:,DIRECT
MSG045,CdtTrfTxInf/InstdAmt,InstdAmt,:33B:,DIRECT
MSG045,CdtTrfTxInf/XchgRate,XchgRate,:36:,DIRECT
MSG045,CdtTrfTxInf/ChrgBr,ChrgBr,:71A:,CODE
MSG045,CdtTrfTxInf/InstgAgt/FinInstnId/BICFI,InstgAgt,{1:} sender LT,DIRECT
MSG045,CdtTrfTxInf/InstdAgt/FinInstnId/BICFI,InstdAgt,{2:} receiver LT,DIRECT
MSG045,CdtTrfTxInf/Dbtr/Nm,Dbtr,:50K: line 1,DIRECT
MSG045,CdtTrfTxInf/Dbtr/PstlAdr/StrtNm,Dbtr,:50K:,PARSED
MSG045,CdtTrfTxInf/Dbtr/PstlAdr/BldgNb,Dbtr,:50K:,PARSED
MSG045,CdtTrfTxInf/Dbtr/PstlAdr/PstCd,Dbtr,:50K:,PARSED
MSG045,CdtTrfTxInf/Dbtr/PstlAdr/TwnNm,Dbtr,:50K:,PARSED
MSG045,CdtTrfTxInf/Dbtr/PstlAdr/CtrySubDvsn,Dbtr,:50K:,PARSED
MSG045,CdtTrfTxInf/Dbtr/PstlAdr/Ctry,Dbtr,:50K:,PARSED
MSG045,CdtTrfTxInf/DbtrAcct/Id/Othr/Id,DbtrAcct,:50K: account line,DIRECT
MSG045,CdtTrfTxInf/DbtrAgt/FinInstnId/BICFI,DbtrAgt,:52A:,DIRECT
MSG045,CdtTrfTxInf/CdtrAgt/FinInstnId/BICFI,CdtrAgt,:57A:,DIRECT
MSG045,CdtTrfTxInf/Cdtr/Nm,Cdtr,:59: line 1,DIRECT
MSG045,CdtTrfTxInf/Cdtr/PstlAdr/TwnNm,Cdtr,:59:,PARSED
MSG045,CdtTrfTxInf/Cdtr/PstlAdr/Ctry,Cdtr,:59:,PARSED
MSG045,CdtTrfTxInf/Cdtr/PstlAdr/AdrLine,Cdtr,:59:,FREETEXT
MSG045,CdtTrfTxInf/CdtrAcct/Id/IBAN,CdtrAcct,:59: account line,DIRECT
MSG045,CdtTrfTxInf/InstrForNxtAgt/InstrInf,InstrForNxtAgt,:72:,FREETEXT
MSG045,CdtTrfTxInf/InstrForNxtAgt/InstrInf,InstrForNxtAgt,:72:,FREETEXT
MSG045,CdtTrfTxInf/RgltryRptg/Dtls/Inf,RgltryRptg,:77B:,FREETEXT
MSG045,CdtTrfTxInf/RmtInf/Ustrd,RmtInf,:70:,FREETEXT
MSG046,GrpHdr/MsgId,GrpHdr,:20:,DIRECT
MSG046,GrpHdr/CreDtTm,GrpHdr,conversion time,INFERRED
MSG046,GrpHdr/NbOfTxs,GrpHdr,structure,INFERRED
MSG046,GrpHdr/SttlmInf/SttlmMtd,GrpHdr,:53A:/:54A: presence,INFERRED
MSG046,CdtTrfTxInf/PmtId/InstrId,PmtId,:20:,DIRECT
MSG046,CdtTrfTxInf/PmtId/EndToEndId,PmtId,no /ROC/ in :70:,INFERRED
MSG046,CdtTrfTxInf/PmtId/TxId,PmtId,:20:,DIRECT
MSG046,CdtTrfTxInf/PmtId/UETR,PmtId,{3:{121:}},DIRECT
MSG046,CdtTrfTxInf/IntrBkSttlmAmt,IntrBkSttlmAmt,:32A:,DIRECT
MSG046,CdtTrfTxInf/IntrBkSttlmDt,IntrBkSttlmDt,:32A:,DIRECT
MSG046,CdtTrfTxInf/ChrgBr,ChrgBr,:71A:,CODE
MSG046,CdtTrfTxInf/InstgAgt/FinInstnId/BICFI,InstgAgt,{1:} sender LT,DIRECT
MSG046,CdtTrfTxInf/InstdAgt/FinInstnId/BICFI,InstdAgt,{2:} receiver LT,DIRECT
MSG046,CdtTrfTxInf/Dbtr/Nm,Dbtr,:50K: line 1,DIRECT
MSG046,CdtTrfTxInf/Dbtr/PstlAdr/StrtNm,Dbtr,:50K:,PARSED
MSG046,CdtTrfTxInf/Dbtr/PstlAdr/BldgNb,Dbtr,:50K:,PARSED
MSG046,CdtTrfTxInf/Dbtr/PstlAdr/TwnNm,Dbtr,:50K:,PARSED
MSG046,CdtTrfTxInf/Dbtr/PstlAdr/Ctry,Dbtr,:50K:,PARSED
MSG046,CdtTrfTxInf/DbtrAcct/Id/IBAN,DbtrAcct,:50K: account line,DIRECT
MSG046,CdtTrfTxInf/DbtrAgt/FinInstnId/BICFI,DbtrAgt,:52A:,DIRECT
MSG046,CdtTrfTxInf/CdtrAgt/FinInstnId/BICFI,CdtrAgt,:57a: absent; receiver BIC assumed,INFERRED
MSG046,CdtTrfTxInf/Cdtr/Nm,Cdtr,:59: line 1,DIRECT
MSG046,CdtTrfTxInf/Cdtr/PstlAdr/PstCd,Cdtr,:59:,PARSED
MSG046,CdtTrfTxInf/Cdtr/PstlAdr/TwnNm,Cdtr,:59:,PARSED
MSG046,CdtTrfTxInf/Cdtr/PstlAdr/Ctry,Cdtr,:59:,PARSED
MSG046,CdtTrfTxInf/Cdtr/PstlAdr/AdrLine,Cdtr,:59:,FREETEXT
MSG046,CdtTrfTxInf/CdtrAcct/Id/IBAN,CdtrAcct,:59: account line,DIRECT
MSG046,CdtTrfTxInf/InstrForNxtAgt/InstrInf,InstrForNxtAgt,:72:,FREETEXT
MSG046,CdtTrfTxInf/InstrForNxtAgt/InstrInf,InstrForNxtAgt,:72:,FREETEXT
MSG046,CdtTrfTxInf/RmtInf/Ustrd,RmtInf,:70:,FREETEXT
MSG047,GrpHdr/MsgId,GrpHdr,:20:,DIRECT
MSG047,GrpHdr/CreDtTm,GrpHdr,conversion time,INFERRED
MSG047,GrpHdr/NbOfTxs,GrpHdr,structure,INFERRED
MSG047,GrpHdr/SttlmInf/SttlmMtd,GrpHdr,:53A:/:54A: presence,INFERRED
MSG047,CdtTrfTxInf/PmtId/InstrId,PmtId,:20:,DIRECT
MSG047,CdtTrfTxInf/PmtId/EndToEndId,PmtId,no /ROC/ in :70:,INFERRED
MSG047,CdtTrfTxInf/PmtId/TxId,PmtId,:20:,DIRECT
MSG047,CdtTrfTxInf/PmtId/UETR,PmtId,generated by translator,INFERRED
MSG047,CdtTrfTxInf/IntrBkSttlmAmt,IntrBkSttlmAmt,:32A:,DIRECT
MSG047,CdtTrfTxInf/IntrBkSttlmDt,IntrBkSttlmDt,:32A:,DIRECT
MSG047,CdtTrfTxInf/ChrgBr,ChrgBr,:71A:,CODE
MSG047,CdtTrfTxInf/InstgAgt/FinInstnId/BICFI,InstgAgt,{1:} sender LT,DIRECT
MSG047,CdtTrfTxInf/InstdAgt/FinInstnId/BICFI,InstdAgt,{2:} receiver LT,DIRECT
MSG047,CdtTrfTxInf/Dbtr/Nm,Dbtr,:50K: line 1,DIRECT
MSG047,CdtTrfTxInf/Dbtr/PstlAdr/StrtNm,Dbtr,:50K:,PARSED
MSG047,CdtTrfTxInf/Dbtr/PstlAdr/BldgNb,Dbtr,:50K:,PARSED
MSG047,CdtTrfTxInf/Dbtr/PstlAdr/PstCd,Dbtr,:50K:,PARSED
MSG047,CdtTrfTxInf/Dbtr/PstlAdr/TwnNm,Dbtr,:50K:,PARSED
MSG047,CdtTrfTxInf/Dbtr/PstlAdr/CtrySubDvsn,Dbtr,:50K:,PARSED
MSG047,CdtTrfTxInf/Dbtr/PstlAdr/Ctry,Dbtr,:50K:,PARSED
MSG047,CdtTrfTxInf/DbtrAcct/Id/Othr/Id,DbtrAcct,:50K: account line,DIRECT
MSG047,CdtTrfTxInf/DbtrAgt/FinInstnId/BICFI,DbtrAgt,:52a: absent; sender BIC assumed,INFERRED
MSG047,CdtTrfTxInf/CdtrAgt/FinInstnId/BICFI,CdtrAgt,:57a: absent; receiver BIC assumed,INFERRED
MSG047,CdtTrfTxInf/Cdtr/Nm,Cdtr,:59: line 1,DIRECT
MSG047,CdtTrfTxInf/Cdtr/PstlAdr/PstCd,Cdtr,:59:,PARSED
MSG047,CdtTrfTxInf/Cdtr/PstlAdr/TwnNm,Cdtr,:59:,PARSED
MSG047,CdtTrfTxInf/Cdtr/PstlAdr/Ctry,Cdtr,:59:,PARSED
MSG047,CdtTrfTxInf/Cdtr/PstlAdr/AdrLine,Cdtr,:59:,FREETEXT
MSG047,CdtTrfTxInf/CdtrAcct/Id/IBAN,CdtrAcct,:59: account line,DIRECT
MSG047,CdtTrfTxInf/InstrForNxtAgt/InstrInf,InstrForNxtAgt,:72:,FREETEXT
MSG047,CdtTrfTxInf/InstrForNxtAgt/InstrInf,InstrForNxtAgt,:72:,FREETEXT
MSG047,CdtTrfTxInf/RmtInf/Ustrd,RmtInf,:70:,FREETEXT
MSG048,GrpHdr/MsgId,GrpHdr,:20:,DIRECT
MSG048,GrpHdr/CreDtTm,GrpHdr,conversion time,INFERRED
MSG048,GrpHdr/NbOfTxs,GrpHdr,structure,INFERRED
MSG048,GrpHdr/SttlmInf/SttlmMtd,GrpHdr,:53A:/:54A: presence,INFERRED
MSG048,CdtTrfTxInf/PmtId/InstrId,PmtId,:20:,DIRECT
MSG048,CdtTrfTxInf/PmtId/EndToEndId,PmtId,:70: /ROC/,CODE
MSG048,CdtTrfTxInf/PmtId/TxId,PmtId,:20:,DIRECT
MSG048,CdtTrfTxInf/PmtId/UETR,PmtId,{3:{121:}},DIRECT
MSG048,CdtTrfTxInf/PmtTpInf/SvcLvl/Prtry,PmtTpInf,:23B:,CODE
MSG048,CdtTrfTxInf/IntrBkSttlmAmt,IntrBkSttlmAmt,:32A:,DIRECT
MSG048,CdtTrfTxInf/IntrBkSttlmDt,IntrBkSttlmDt,:32A:,DIRECT
MSG048,CdtTrfTxInf/ChrgBr,ChrgBr,:71A:,CODE
MSG048,CdtTrfTxInf/InstgAgt/FinInstnId/BICFI,InstgAgt,{1:} sender LT,DIRECT
MSG048,CdtTrfTxInf/InstdAgt/FinInstnId/BICFI,InstdAgt,{2:} receiver LT,DIRECT
MSG048,CdtTrfTxInf/Dbtr/Nm,Dbtr,:50K: line 1,DIRECT
MSG048,CdtTrfTxInf/Dbtr/PstlAdr/TwnNm,Dbtr,:50K:,PARSED
MSG048,CdtTrfTxInf/Dbtr/PstlAdr/Ctry,Dbtr,:50K:,PARSED
MSG048,CdtTrfTxInf/Dbtr/PstlAdr/AdrLine,Dbtr,:50K:,FREETEXT
MSG048,CdtTrfTxInf/DbtrAcct/Id/IBAN,DbtrAcct,:50K: account line,DIRECT
MSG048,CdtTrfTxInf/DbtrAgt/FinInstnId/BICFI,DbtrAgt,:52a: absent; sender BIC assumed,INFERRED
MSG048,CdtTrfTxInf/CdtrAgt/FinInstnId/BICFI,CdtrAgt,:57A:,DIRECT
MSG048,CdtTrfTxInf/Cdtr/Nm,Cdtr,:59: line 1,DIRECT
MSG048,CdtTrfTxInf/Cdtr/PstlAdr/StrtNm,Cdtr,:59:,PARSED
MSG048,CdtTrfTxInf/Cdtr/PstlAdr/BldgNb,Cdtr,:59:,PARSED
MSG048,CdtTrfTxInf/Cdtr/PstlAdr/PstCd,Cdtr,:59:,PARSED
MSG048,CdtTrfTxInf/Cdtr/PstlAdr/TwnNm,Cdtr,:59:,PARSED
MSG048,CdtTrfTxInf/Cdtr/PstlAdr/CtrySubDvsn,Cdtr,:59:,PARSED
MSG048,CdtTrfTxInf/Cdtr/PstlAdr/Ctry,Cdtr,:59:,PARSED
MSG048,CdtTrfTxInf/CdtrAcct/Id/Othr/Id,CdtrAcct,:59: account line,DIRECT
MSG048,CdtTrfTxInf/RmtInf/Ustrd,RmtInf,:70:,FREETEXT
MSG049,GrpHdr/MsgId,GrpHdr,:20:,DIRECT
MSG049,GrpHdr/CreDtTm,GrpHdr,conversion time,INFERRED
MSG049,GrpHdr/NbOfTxs,GrpHdr,structure,INFERRED
MSG049,GrpHdr/SttlmInf/SttlmMtd,GrpHdr,:53A:/:54A: presence,INFERRED
MSG049,CdtTrfTxInf/PmtId/InstrId,PmtId,:20:,DIRECT
MSG049,CdtTrfTxInf/PmtId/EndToEndId,PmtId,no /ROC/ in :70:,INFERRED
MSG049,CdtTrfTxInf/PmtId/TxId,PmtId,:20:,DIRECT
MSG049,CdtTrfTxInf/PmtId/UETR,PmtId,{3:{121:}},DIRECT
MSG049,CdtTrfTxInf/PmtTpInf/SvcLvl/Prtry,PmtTpInf,:23B:,CODE
MSG049,CdtTrfTxInf/IntrBkSttlmAmt,IntrBkSttlmAmt,:32A:,DIRECT
MSG049,CdtTrfTxInf/IntrBkSttlmDt,IntrBkSttlmDt,:32A:,DIRECT
MSG049,CdtTrfTxInf/InstdAmt,InstdAmt,:33B:,DIRECT
MSG049,CdtTrfTxInf/XchgRate,XchgRate,:36:,DIRECT
MSG049,CdtTrfTxInf/ChrgBr,ChrgBr,:71A:,CODE
MSG049,CdtTrfTxInf/ChrgsInf/Amt,ChrgsInf,:71F:,DIRECT
MSG049,CdtTrfTxInf/ChrgsInf/Agt/FinInstnId/BICFI,ChrgsInf,71F: agent not stated; header BIC assumed,INFERRED
MSG049,CdtTrfTxInf/InstgAgt/FinInstnId/BICFI,InstgAgt,{1:} sender LT,DIRECT
MSG049,CdtTrfTxInf/InstdAgt/FinInstnId/BICFI,InstdAgt,{2:} receiver LT,DIRECT
MSG049,CdtTrfTxInf/Dbtr/Nm,Dbtr,:50K: line 1,DIRECT
MSG049,CdtTrfTxInf/Dbtr/PstlAdr/StrtNm,Dbtr,:50K:,PARSED
MSG049,CdtTrfTxInf/Dbtr/PstlAdr/BldgNb,Dbtr,:50K:,PARSED
MSG049,CdtTrfTxInf/Dbtr/PstlAdr/TwnNm,Dbtr,:50K:,PARSED
MSG049,CdtTrfTxInf/Dbtr/PstlAdr/Ctry,Dbtr,:50K:,PARSED
MSG049,CdtTrfTxInf/DbtrAcct/Id/IBAN,DbtrAcct,:50K: account line,DIRECT
MSG049,CdtTrfTxInf/DbtrAgt/FinInstnId/BICFI,DbtrAgt,:52A:,DIRECT
MSG049,CdtTrfTxInf/CdtrAgt/FinInstnId/BICFI,CdtrAgt,:57a: absent; receiver BIC assumed,INFERRED
MSG049,CdtTrfTxInf/Cdtr/Nm,Cdtr,:59: line 1,DIRECT
MSG049,CdtTrfTxInf/Cdtr/PstlAdr/StrtNm,Cdtr,:59:,PARSED
MSG049,CdtTrfTxInf/Cdtr/PstlAdr/BldgNb,Cdtr,:59:,PARSED
MSG049,CdtTrfTxInf/Cdtr/PstlAdr/PstCd,Cdtr,:59:,PARSED
MSG049,CdtTrfTxInf/Cdtr/PstlAdr/TwnNm,Cdtr,:59:,PARSED
MSG049,CdtTrfTxInf/Cdtr/PstlAdr/Ctry,Cdtr,:59:,PARSED
MSG049,CdtTrfTxInf/CdtrAcct/Id/Othr/Id,CdtrAcct,:59: account line,DIRECT
MSG049,CdtTrfTxInf/RmtInf/Ustrd,RmtInf,:70:,FREETEXT
MSG050,GrpHdr/MsgId,GrpHdr,:20:,DIRECT
MSG050,GrpHdr/CreDtTm,GrpHdr,conversion time,INFERRED
MSG050,GrpHdr/NbOfTxs,GrpHdr,structure,INFERRED
MSG050,GrpHdr/SttlmInf/SttlmMtd,GrpHdr,:53A:/:54A: presence,INFERRED
MSG050,CdtTrfTxInf/PmtId/InstrId,PmtId,:20:,DIRECT
MSG050,CdtTrfTxInf/PmtId/EndToEndId,PmtId,no /ROC/ in :70:,INFERRED
MSG050,CdtTrfTxInf/PmtId/TxId,PmtId,:20:,DIRECT
MSG050,CdtTrfTxInf/PmtId/UETR,PmtId,{3:{121:}},DIRECT
MSG050,CdtTrfTxInf/IntrBkSttlmAmt,IntrBkSttlmAmt,:32A:,DIRECT
MSG050,CdtTrfTxInf/IntrBkSttlmDt,IntrBkSttlmDt,:32A:,DIRECT
MSG050,CdtTrfTxInf/ChrgBr,ChrgBr,:71A:,CODE
MSG050,CdtTrfTxInf/ChrgsInf/Amt,ChrgsInf,:71F:,DIRECT
MSG050,CdtTrfTxInf/ChrgsInf/Agt/FinInstnId/BICFI,ChrgsInf,71F: agent not stated; header BIC assumed,INFERRED
MSG050,CdtTrfTxInf/InstgAgt/FinInstnId/BICFI,InstgAgt,{1:} sender LT,DIRECT
MSG050,CdtTrfTxInf/InstdAgt/FinInstnId/BICFI,InstdAgt,{2:} receiver LT,DIRECT
MSG050,CdtTrfTxInf/Dbtr/Nm,Dbtr,:50K: line 1,DIRECT
MSG050,CdtTrfTxInf/Dbtr/PstlAdr/StrtNm,Dbtr,:50K:,PARSED
MSG050,CdtTrfTxInf/Dbtr/PstlAdr/BldgNb,Dbtr,:50K:,PARSED
MSG050,CdtTrfTxInf/Dbtr/PstlAdr/TwnNm,Dbtr,:50K:,PARSED
MSG050,CdtTrfTxInf/Dbtr/PstlAdr/Ctry,Dbtr,:50K:,PARSED
MSG050,CdtTrfTxInf/DbtrAcct/Id/IBAN,DbtrAcct,:50K: account line,DIRECT
MSG050,CdtTrfTxInf/DbtrAgt/FinInstnId/BICFI,DbtrAgt,:52A:,DIRECT
MSG050,CdtTrfTxInf/CdtrAgt/FinInstnId/BICFI,CdtrAgt,:57A:,DIRECT
MSG050,CdtTrfTxInf/Cdtr/Nm,Cdtr,:59: line 1,DIRECT
MSG050,CdtTrfTxInf/Cdtr/PstlAdr/TwnNm,Cdtr,:59:,PARSED
MSG050,CdtTrfTxInf/Cdtr/PstlAdr/Ctry,Cdtr,:59:,PARSED
MSG050,CdtTrfTxInf/Cdtr/PstlAdr/AdrLine,Cdtr,:59:,FREETEXT
MSG050,CdtTrfTxInf/CdtrAcct/Id/IBAN,CdtrAcct,:59: account line,DIRECT
MSG050,CdtTrfTxInf/RgltryRptg/Dtls/Inf,RgltryRptg,:77B:,FREETEXT
MSG050,CdtTrfTxInf/RmtInf/Ustrd,RmtInf,:70:,FREETEXT
MSG051,GrpHdr/MsgId,GrpHdr,:20:,DIRECT
MSG051,GrpHdr/CreDtTm,GrpHdr,conversion time,INFERRED
MSG051,GrpHdr/NbOfTxs,GrpHdr,structure,INFERRED
MSG051,GrpHdr/SttlmInf/SttlmMtd,GrpHdr,:53A:/:54A: presence,INFERRED
MSG051,CdtTrfTxInf/PmtId/InstrId,PmtId,:20:,DIRECT
MSG051,CdtTrfTxInf/PmtId/EndToEndId,PmtId,no /ROC/ in :70:,INFERRED
MSG051,CdtTrfTxInf/PmtId/TxId,PmtId,:20:,DIRECT
MSG051,CdtTrfTxInf/PmtId/UETR,PmtId,{3:{121:}},DIRECT
MSG051,CdtTrfTxInf/IntrBkSttlmAmt,IntrBkSttlmAmt,:32A:,DIRECT
MSG051,CdtTrfTxInf/IntrBkSttlmDt,IntrBkSttlmDt,:32A:,DIRECT
MSG051,CdtTrfTxInf/ChrgBr,ChrgBr,:71A:,CODE
MSG051,CdtTrfTxInf/InstgAgt/FinInstnId/BICFI,InstgAgt,{1:} sender LT,DIRECT
MSG051,CdtTrfTxInf/InstdAgt/FinInstnId/BICFI,InstdAgt,{2:} receiver LT,DIRECT
MSG051,CdtTrfTxInf/Dbtr/Nm,Dbtr,:50K: line 1,DIRECT
MSG051,CdtTrfTxInf/Dbtr/PstlAdr/StrtNm,Dbtr,:50K:,PARSED
MSG051,CdtTrfTxInf/Dbtr/PstlAdr/BldgNb,Dbtr,:50K:,PARSED
MSG051,CdtTrfTxInf/Dbtr/PstlAdr/TwnNm,Dbtr,:50K:,PARSED
MSG051,CdtTrfTxInf/Dbtr/PstlAdr/Ctry,Dbtr,:50K:,PARSED
MSG051,CdtTrfTxInf/DbtrAcct/Id/IBAN,DbtrAcct,:50K: account line,DIRECT
MSG051,CdtTrfTxInf/DbtrAgt/FinInstnId/BICFI,DbtrAgt,:52a: absent; sender BIC assumed,INFERRED
MSG051,CdtTrfTxInf/CdtrAgt/FinInstnId/BICFI,CdtrAgt,:57A:,DIRECT
MSG051,CdtTrfTxInf/Cdtr/Nm,Cdtr,:59: line 1,DIRECT
MSG051,CdtTrfTxInf/Cdtr/PstlAdr/StrtNm,Cdtr,:59:,PARSED
MSG051,CdtTrfTxInf/Cdtr/PstlAdr/BldgNb,Cdtr,:59:,PARSED
MSG051,CdtTrfTxInf/Cdtr/PstlAdr/PstCd,Cdtr,:59:,PARSED
MSG051,CdtTrfTxInf/Cdtr/PstlAdr/TwnNm,Cdtr,:59:,PARSED
MSG051,CdtTrfTxInf/Cdtr/PstlAdr/Ctry,Cdtr,:59:,PARSED
MSG051,CdtTrfTxInf/CdtrAcct/Id/Othr/Id,CdtrAcct,:59: account line,DIRECT
MSG051,CdtTrfTxInf/RgltryRptg/Dtls/Inf,RgltryRptg,:77B:,FREETEXT
MSG051,CdtTrfTxInf/RmtInf/Ustrd,RmtInf,:70:,FREETEXT
MSG052,GrpHdr/MsgId,GrpHdr,:20:,DIRECT
MSG052,GrpHdr/CreDtTm,GrpHdr,conversion time,INFERRED
MSG052,GrpHdr/NbOfTxs,GrpHdr,structure,INFERRED
MSG052,GrpHdr/SttlmInf/SttlmMtd,GrpHdr,:53A:/:54A: presence,INFERRED
MSG052,CdtTrfTxInf/PmtId/InstrId,PmtId,:20:,DIRECT
MSG052,CdtTrfTxInf/PmtId/EndToEndId,PmtId,:70: /ROC/,CODE
MSG052,CdtTrfTxInf/PmtId/TxId,PmtId,:20:,DIRECT
MSG052,CdtTrfTxInf/PmtId/UETR,PmtId,{3:{121:}},DIRECT
MSG052,CdtTrfTxInf/PmtTpInf/SvcLvl/Prtry,PmtTpInf,:23B:,CODE
MSG052,CdtTrfTxInf/IntrBkSttlmAmt,IntrBkSttlmAmt,:32A:,DIRECT
MSG052,CdtTrfTxInf/IntrBkSttlmDt,IntrBkSttlmDt,:32A:,DIRECT
MSG052,CdtTrfTxInf/ChrgBr,ChrgBr,:71A:,CODE
MSG052,CdtTrfTxInf/InstgAgt/FinInstnId/BICFI,InstgAgt,{1:} sender LT,DIRECT
MSG052,CdtTrfTxInf/InstdAgt/FinInstnId/BICFI,InstdAgt,{2:} receiver LT,DIRECT
MSG052,CdtTrfTxInf/Dbtr/Nm,Dbtr,:50K: line 1,DIRECT
MSG052,CdtTrfTxInf/Dbtr/PstlAdr/PstCd,Dbtr,:50K:,PARSED
MSG052,CdtTrfTxInf/Dbtr/PstlAdr/TwnNm,Dbtr,:50K:,PARSED
MSG052,CdtTrfTxInf/Dbtr/PstlAdr/Ctry,Dbtr,:50K:,PARSED
MSG052,CdtTrfTxInf/Dbtr/PstlAdr/AdrLine,Dbtr,:50K:,FREETEXT
MSG052,CdtTrfTxInf/DbtrAcct/Id/IBAN,DbtrAcct,:50K: account line,DIRECT
MSG052,CdtTrfTxInf/DbtrAgt/FinInstnId/BICFI,DbtrAgt,:52A:,DIRECT
MSG052,CdtTrfTxInf/CdtrAgt/FinInstnId/BICFI,CdtrAgt,:57a: absent; receiver BIC assumed,INFERRED
MSG052,CdtTrfTxInf/Cdtr/Nm,Cdtr,:59F: 1/,DIRECT
MSG052,CdtTrfTxInf/Cdtr/PstlAdr/StrtNm,Cdtr,":59F: 2/,3/",PARSED
MSG052,CdtTrfTxInf/Cdtr/PstlAdr/BldgNb,Cdtr,":59F: 2/,3/",PARSED
MSG052,CdtTrfTxInf/Cdtr/PstlAdr/TwnNm,Cdtr,":59F: 2/,3/",DIRECT
MSG052,CdtTrfTxInf/Cdtr/PstlAdr/Ctry,Cdtr,":59F: 2/,3/",DIRECT
MSG052,CdtTrfTxInf/CdtrAcct/Id/Othr/Id,CdtrAcct,:59F: account line,DIRECT
MSG052,CdtTrfTxInf/InstrForNxtAgt/InstrInf,InstrForNxtAgt,:72:,FREETEXT
MSG052,CdtTrfTxInf/InstrForNxtAgt/InstrInf,InstrForNxtAgt,:72:,FREETEXT
MSG052,CdtTrfTxInf/RmtInf/Ustrd,RmtInf,:70:,FREETEXT
MSG053,GrpHdr/MsgId,GrpHdr,:20:,DIRECT
MSG053,GrpHdr/CreDtTm,GrpHdr,conversion time,INFERRED
MSG053,GrpHdr/NbOfTxs,GrpHdr,structure,INFERRED
MSG053,GrpHdr/SttlmInf/SttlmMtd,GrpHdr,:53A:/:54A: presence,INFERRED
MSG053,CdtTrfTxInf/PmtId/InstrId,PmtId,:20:,DIRECT
MSG053,CdtTrfTxInf/PmtId/EndToEndId,PmtId,no /ROC/ in :70:,INFERRED
MSG053,CdtTrfTxInf/PmtId/TxId,PmtId,:20:,DIRECT
MSG053,CdtTrfTxInf/PmtId/UETR,PmtId,generated by translator,INFERRED
MSG053,CdtTrfTxInf/IntrBkSttlmAmt,IntrBkSttlmAmt,:32A:,DIRECT
MSG053,CdtTrfTxInf/IntrBkSttlmDt,IntrBkSttlmDt,:32A:,DIRECT
MSG053,CdtTrfTxInf/ChrgBr,ChrgBr,:71A:,CODE
MSG053,CdtTrfTxInf/InstgAgt/FinInstnId/BICFI,InstgAgt,{1:} sender LT,DIRECT
MSG053,CdtTrfTxInf/InstdAgt/FinInstnId/BICFI,InstdAgt,{2:} receiver LT,DIRECT
MSG053,CdtTrfTxInf/IntrmyAgt1/FinInstnId/BICFI,IntrmyAgt1,:56A:,DIRECT
MSG053,CdtTrfTxInf/Dbtr/Nm,Dbtr,:50K: line 1,DIRECT
MSG053,CdtTrfTxInf/Dbtr/PstlAdr/StrtNm,Dbtr,:50K:,PARSED
MSG053,CdtTrfTxInf/Dbtr/PstlAdr/BldgNb,Dbtr,:50K:,PARSED
MSG053,CdtTrfTxInf/Dbtr/PstlAdr/TwnNm,Dbtr,:50K:,PARSED
MSG053,CdtTrfTxInf/Dbtr/PstlAdr/Ctry,Dbtr,:50K:,PARSED
MSG053,CdtTrfTxInf/DbtrAcct/Id/IBAN,DbtrAcct,:50K: account line,DIRECT
MSG053,CdtTrfTxInf/DbtrAgt/FinInstnId/BICFI,DbtrAgt,:52a: absent; sender BIC assumed,INFERRED
MSG053,CdtTrfTxInf/CdtrAgt/FinInstnId/BICFI,CdtrAgt,:57a: absent; receiver BIC assumed,INFERRED
MSG053,CdtTrfTxInf/Cdtr/Nm,Cdtr,:59: line 1,DIRECT
MSG053,CdtTrfTxInf/Cdtr/PstlAdr/StrtNm,Cdtr,:59:,PARSED
MSG053,CdtTrfTxInf/Cdtr/PstlAdr/BldgNb,Cdtr,:59:,PARSED
MSG053,CdtTrfTxInf/Cdtr/PstlAdr/PstCd,Cdtr,:59:,PARSED
MSG053,CdtTrfTxInf/Cdtr/PstlAdr/TwnNm,Cdtr,:59:,PARSED
MSG053,CdtTrfTxInf/Cdtr/PstlAdr/Ctry,Cdtr,:59:,PARSED
MSG053,CdtTrfTxInf/CdtrAcct/Id/IBAN,CdtrAcct,:59: account line,DIRECT
MSG053,CdtTrfTxInf/RmtInf/Ustrd,RmtInf,:70:,FREETEXT
MSG053,CdtTrfTxInf/RmtInf/Strd/RfrdDocInf/Tp/CdOrPrtry/Cd,RmtInf,:70: /INV/,CODE
MSG053,CdtTrfTxInf/RmtInf/Strd/RfrdDocInf/Nb,RmtInf,:70: /INV/,CODE
MSG055,GrpHdr/MsgId,GrpHdr,:20:,DIRECT
MSG055,GrpHdr/CreDtTm,GrpHdr,conversion time,INFERRED
MSG055,GrpHdr/NbOfTxs,GrpHdr,structure,INFERRED
MSG055,GrpHdr/SttlmInf/SttlmMtd,GrpHdr,:53A:/:54A: presence,INFERRED
MSG055,CdtTrfTxInf/PmtId/InstrId,PmtId,:20:,DIRECT
MSG055,CdtTrfTxInf/PmtId/EndToEndId,PmtId,no /ROC/ in :70:,INFERRED
MSG055,CdtTrfTxInf/PmtId/TxId,PmtId,:20:,DIRECT
MSG055,CdtTrfTxInf/PmtId/UETR,PmtId,{3:{121:}},DIRECT
MSG055,CdtTrfTxInf/IntrBkSttlmAmt,IntrBkSttlmAmt,:32A:,DIRECT
MSG055,CdtTrfTxInf/IntrBkSttlmDt,IntrBkSttlmDt,:32A:,DIRECT
MSG055,CdtTrfTxInf/ChrgBr,ChrgBr,:71A:,CODE
MSG055,CdtTrfTxInf/InstgAgt/FinInstnId/BICFI,InstgAgt,{1:} sender LT,DIRECT
MSG055,CdtTrfTxInf/InstdAgt/FinInstnId/BICFI,InstdAgt,{2:} receiver LT,DIRECT
MSG055,CdtTrfTxInf/IntrmyAgt1/FinInstnId/BICFI,IntrmyAgt1,:56A:,DIRECT
MSG055,CdtTrfTxInf/Dbtr/Nm,Dbtr,:50K: line 1,DIRECT
MSG055,CdtTrfTxInf/Dbtr/PstlAdr/TwnNm,Dbtr,:50K:,PARSED
MSG055,CdtTrfTxInf/Dbtr/PstlAdr/Ctry,Dbtr,:50K:,PARSED
MSG055,CdtTrfTxInf/Dbtr/PstlAdr/AdrLine,Dbtr,:50K:,FREETEXT
MSG055,CdtTrfTxInf/DbtrAcct/Id/IBAN,DbtrAcct,:50K: account line,DIRECT
MSG055,CdtTrfTxInf/DbtrAgt/FinInstnId/BICFI,DbtrAgt,:52A:,DIRECT
MSG055,CdtTrfTxInf/CdtrAgt/FinInstnId/BICFI,CdtrAgt,:57a: absent; receiver BIC assumed,INFERRED
MSG055,CdtTrfTxInf/Cdtr/Nm,Cdtr,:59: line 1,DIRECT
MSG055,CdtTrfTxInf/Cdtr/PstlAdr/PstCd,Cdtr,:59:,PARSED
MSG055,CdtTrfTxInf/Cdtr/PstlAdr/TwnNm,Cdtr,:59:,PARSED
MSG055,CdtTrfTxInf/Cdtr/PstlAdr/Ctry,Cdtr,:59:,PARSED
MSG055,CdtTrfTxInf/Cdtr/PstlAdr/AdrLine,Cdtr,:59:,FREETEXT
MSG055,CdtTrfTxInf/CdtrAcct/Id/IBAN,CdtrAcct,:59: account line,DIRECT
MSG055,CdtTrfTxInf/RgltryRptg/Dtls/Inf,RgltryRptg,:77B:,FREETEXT
MSG055,CdtTrfTxInf/RmtInf/Ustrd,RmtInf,:70:,FREETEXT
MSG056,GrpHdr/MsgId,GrpHdr,:20:,DIRECT
MSG056,GrpHdr/CreDtTm,GrpHdr,conversion time,INFERRED
MSG056,GrpHdr/NbOfTxs,GrpHdr,structure,INFERRED
MSG056,GrpHdr/SttlmInf/SttlmMtd,GrpHdr,:53A:/:54A: presence,INFERRED
MSG056,CdtTrfTxInf/PmtId/InstrId,PmtId,:20:,DIRECT
MSG056,CdtTrfTxInf/PmtId/EndToEndId,PmtId,no /ROC/ in :70:,INFERRED
MSG056,CdtTrfTxInf/PmtId/TxId,PmtId,:20:,DIRECT
MSG056,CdtTrfTxInf/PmtId/UETR,PmtId,generated by translator,INFERRED
MSG056,CdtTrfTxInf/IntrBkSttlmAmt,IntrBkSttlmAmt,:32A:,DIRECT
MSG056,CdtTrfTxInf/IntrBkSttlmDt,IntrBkSttlmDt,:32A:,DIRECT
MSG056,CdtTrfTxInf/ChrgBr,ChrgBr,:71A:,CODE
MSG056,CdtTrfTxInf/InstgAgt/FinInstnId/BICFI,InstgAgt,{1:} sender LT,DIRECT
MSG056,CdtTrfTxInf/InstdAgt/FinInstnId/BICFI,InstdAgt,{2:} receiver LT,DIRECT
MSG056,CdtTrfTxInf/Dbtr/Nm,Dbtr,:50K: line 1,DIRECT
MSG056,CdtTrfTxInf/Dbtr/PstlAdr/StrtNm,Dbtr,:50K:,PARSED
MSG056,CdtTrfTxInf/Dbtr/PstlAdr/BldgNb,Dbtr,:50K:,PARSED
MSG056,CdtTrfTxInf/Dbtr/PstlAdr/TwnNm,Dbtr,:50K:,PARSED
MSG056,CdtTrfTxInf/Dbtr/PstlAdr/Ctry,Dbtr,:50K:,PARSED
MSG056,CdtTrfTxInf/DbtrAcct/Id/IBAN,DbtrAcct,:50K: account line,DIRECT
MSG056,CdtTrfTxInf/DbtrAgt/FinInstnId/BICFI,DbtrAgt,:52A:,DIRECT
MSG056,CdtTrfTxInf/CdtrAgt/FinInstnId/BICFI,CdtrAgt,:57a: absent; receiver BIC assumed,INFERRED
MSG056,CdtTrfTxInf/Cdtr/Nm,Cdtr,:59: line 1,DIRECT
MSG056,CdtTrfTxInf/Cdtr/PstlAdr/TwnNm,Cdtr,:59:,PARSED
MSG056,CdtTrfTxInf/Cdtr/PstlAdr/Ctry,Cdtr,:59:,PARSED
MSG056,CdtTrfTxInf/Cdtr/PstlAdr/AdrLine,Cdtr,:59:,FREETEXT
MSG056,CdtTrfTxInf/CdtrAcct/Id/IBAN,CdtrAcct,:59: account line,DIRECT
MSG056,CdtTrfTxInf/RmtInf/Ustrd,RmtInf,:70:,FREETEXT
MSG056,CdtTrfTxInf/RmtInf/Strd/RfrdDocInf/Tp/CdOrPrtry/Cd,RmtInf,:70: /INV/,CODE
MSG056,CdtTrfTxInf/RmtInf/Strd/RfrdDocInf/Nb,RmtInf,:70: /INV/,CODE
MSG057,GrpHdr/MsgId,GrpHdr,:20:,DIRECT
MSG057,GrpHdr/CreDtTm,GrpHdr,conversion time,INFERRED
MSG057,GrpHdr/NbOfTxs,GrpHdr,structure,INFERRED
MSG057,GrpHdr/SttlmInf/SttlmMtd,GrpHdr,:53A:/:54A: presence,INFERRED
MSG057,CdtTrfTxInf/PmtId/InstrId,PmtId,:20:,DIRECT
MSG057,CdtTrfTxInf/PmtId/EndToEndId,PmtId,no /ROC/ in :70:,INFERRED
MSG057,CdtTrfTxInf/PmtId/TxId,PmtId,:20:,DIRECT
MSG057,CdtTrfTxInf/PmtId/UETR,PmtId,{3:{121:}},DIRECT
MSG057,CdtTrfTxInf/IntrBkSttlmAmt,IntrBkSttlmAmt,:32A:,DIRECT
MSG057,CdtTrfTxInf/IntrBkSttlmDt,IntrBkSttlmDt,:32A:,DIRECT
MSG057,CdtTrfTxInf/ChrgBr,ChrgBr,:71A:,CODE
MSG057,CdtTrfTxInf/InstgAgt/FinInstnId/BICFI,InstgAgt,{1:} sender LT,DIRECT
MSG057,CdtTrfTxInf/InstdAgt/FinInstnId/BICFI,InstdAgt,{2:} receiver LT,DIRECT
MSG057,CdtTrfTxInf/Dbtr/Nm,Dbtr,:50F: 1/,DIRECT
MSG057,CdtTrfTxInf/Dbtr/PstlAdr/TwnNm,Dbtr,":50F: 2/,3/",DIRECT
MSG057,CdtTrfTxInf/Dbtr/PstlAdr/Ctry,Dbtr,":50F: 2/,3/",DIRECT
MSG057,CdtTrfTxInf/Dbtr/PstlAdr/AdrLine,Dbtr,":50F: 2/,3/",FREETEXT
MSG057,CdtTrfTxInf/DbtrAcct/Id/IBAN,DbtrAcct,:50F: account line,DIRECT
MSG057,CdtTrfTxInf/DbtrAgt/FinInstnId/BICFI,DbtrAgt,:52a: absent; sender BIC assumed,INFERRED
MSG057,CdtTrfTxInf/CdtrAgt/FinInstnId/BICFI,CdtrAgt,:57a: absent; receiver BIC assumed,INFERRED
MSG057,CdtTrfTxInf/Cdtr/Nm,Cdtr,:59: line 1,DIRECT
MSG057,CdtTrfTxInf/Cdtr/PstlAdr/TwnNm,Cdtr,:59:,PARSED
MSG057,CdtTrfTxInf/Cdtr/PstlAdr/Ctry,Cdtr,:59:,PARSED
MSG057,CdtTrfTxInf/Cdtr/PstlAdr/AdrLine,Cdtr,:59:,FREETEXT
MSG057,CdtTrfTxInf/CdtrAcct/Id/Othr/Id,CdtrAcct,:59: account line,DIRECT
MSG057,CdtTrfTxInf/InstrForNxtAgt/InstrInf,InstrForNxtAgt,:72:,FREETEXT
MSG057,CdtTrfTxInf/InstrForNxtAgt/InstrInf,InstrForNxtAgt,:72:,FREETEXT
MSG057,CdtTrfTxInf/RmtInf/Ustrd,RmtInf,:70:,FREETEXT
MSG057,CdtTrfTxInf/RmtInf/Strd/RfrdDocInf/Tp/CdOrPrtry/Cd,RmtInf,:70: /INV/,CODE
MSG057,CdtTrfTxInf/RmtInf/Strd/RfrdDocInf/Nb,RmtInf,:70: /INV/,CODE
MSG059,GrpHdr/MsgId,GrpHdr,:20:,DIRECT
MSG059,GrpHdr/CreDtTm,GrpHdr,conversion time,INFERRED
MSG059,GrpHdr/NbOfTxs,GrpHdr,structure,INFERRED
MSG059,GrpHdr/SttlmInf/SttlmMtd,GrpHdr,:53A:/:54A: presence,INFERRED
MSG059,CdtTrfTxInf/PmtId/InstrId,PmtId,:20:,DIRECT
MSG059,CdtTrfTxInf/PmtId/EndToEndId,PmtId,no /ROC/ in :70:,INFERRED
MSG059,CdtTrfTxInf/PmtId/TxId,PmtId,:20:,DIRECT
MSG059,CdtTrfTxInf/PmtId/UETR,PmtId,{3:{121:}},DIRECT
MSG059,CdtTrfTxInf/IntrBkSttlmAmt,IntrBkSttlmAmt,:32A:,DIRECT
MSG059,CdtTrfTxInf/IntrBkSttlmDt,IntrBkSttlmDt,:32A:,DIRECT
MSG059,CdtTrfTxInf/ChrgBr,ChrgBr,:71A:,CODE
MSG059,CdtTrfTxInf/InstgAgt/FinInstnId/BICFI,InstgAgt,{1:} sender LT,DIRECT
MSG059,CdtTrfTxInf/InstdAgt/FinInstnId/BICFI,InstdAgt,{2:} receiver LT,DIRECT
MSG059,CdtTrfTxInf/Dbtr/Nm,Dbtr,:50K: line 1,DIRECT
MSG059,CdtTrfTxInf/Dbtr/PstlAdr/StrtNm,Dbtr,:50K:,PARSED
MSG059,CdtTrfTxInf/Dbtr/PstlAdr/BldgNb,Dbtr,:50K:,PARSED
MSG059,CdtTrfTxInf/Dbtr/PstlAdr/PstCd,Dbtr,:50K:,PARSED
MSG059,CdtTrfTxInf/Dbtr/PstlAdr/TwnNm,Dbtr,:50K:,PARSED
MSG059,CdtTrfTxInf/Dbtr/PstlAdr/CtrySubDvsn,Dbtr,:50K:,PARSED
MSG059,CdtTrfTxInf/Dbtr/PstlAdr/Ctry,Dbtr,:50K:,PARSED
MSG059,CdtTrfTxInf/DbtrAcct/Id/Othr/Id,DbtrAcct,:50K: account line,DIRECT
MSG059,CdtTrfTxInf/DbtrAgt/FinInstnId/BICFI,DbtrAgt,:52a: absent; sender BIC assumed,INFERRED
MSG059,CdtTrfTxInf/CdtrAgt/FinInstnId/BICFI,CdtrAgt,:57a: absent; receiver BIC assumed,INFERRED
MSG059,CdtTrfTxInf/Cdtr/Nm,Cdtr,:59: line 1,DIRECT
MSG059,CdtTrfTxInf/Cdtr/PstlAdr/StrtNm,Cdtr,:59:,PARSED
MSG059,CdtTrfTxInf/Cdtr/PstlAdr/BldgNb,Cdtr,:59:,PARSED
MSG059,CdtTrfTxInf/Cdtr/PstlAdr/TwnNm,Cdtr,:59:,PARSED
MSG059,CdtTrfTxInf/Cdtr/PstlAdr/Ctry,Cdtr,:59:,PARSED
MSG059,CdtTrfTxInf/CdtrAcct/Id/Othr/Id,CdtrAcct,:59: account line,DIRECT
MSG059,CdtTrfTxInf/RgltryRptg/Dtls/Inf,RgltryRptg,:77B:,FREETEXT
MSG059,CdtTrfTxInf/RmtInf/Ustrd,RmtInf,:70:,FREETEXT
MSG059,CdtTrfTxInf/RmtInf/Strd/CdtrRefInf/Ref,RmtInf,:70: /RFB/,CODE
MSG060,GrpHdr/MsgId,GrpHdr,:20:,DIRECT
MSG060,GrpHdr/CreDtTm,GrpHdr,conversion time,INFERRED
MSG060,GrpHdr/NbOfTxs,GrpHdr,structure,INFERRED
MSG060,GrpHdr/SttlmInf/SttlmMtd,GrpHdr,:53A:/:54A: presence,INFERRED
MSG060,CdtTrfTxInf/PmtId/InstrId,PmtId,:20:,DIRECT
MSG060,CdtTrfTxInf/PmtId/EndToEndId,PmtId,no /ROC/ in :70:,INFERRED
MSG060,CdtTrfTxInf/PmtId/TxId,PmtId,:20:,DIRECT
MSG060,CdtTrfTxInf/PmtId/UETR,PmtId,{3:{121:}},DIRECT
MSG060,CdtTrfTxInf/IntrBkSttlmAmt,IntrBkSttlmAmt,:32A:,DIRECT
MSG060,CdtTrfTxInf/IntrBkSttlmDt,IntrBkSttlmDt,:32A:,DIRECT
MSG060,CdtTrfTxInf/InstdAmt,InstdAmt,:33B:,DIRECT
MSG060,CdtTrfTxInf/XchgRate,XchgRate,:36:,DIRECT
MSG060,CdtTrfTxInf/ChrgBr,ChrgBr,:71A:,CODE
MSG060,CdtTrfTxInf/ChrgsInf/Amt,ChrgsInf,:71F:,DIRECT
MSG060,CdtTrfTxInf/ChrgsInf/Agt/FinInstnId/BICFI,ChrgsInf,71F: agent not stated; header BIC assumed,INFERRED
MSG060,CdtTrfTxInf/InstgAgt/FinInstnId/BICFI,InstgAgt,{1:} sender LT,DIRECT
MSG060,CdtTrfTxInf/InstdAgt/FinInstnId/BICFI,InstdAgt,{2:} receiver LT,DIRECT
MSG060,CdtTrfTxInf/Dbtr/Nm,Dbtr,:50K: line 1,DIRECT
MSG060,CdtTrfTxInf/Dbtr/PstlAdr/StrtNm,Dbtr,:50K:,PARSED
MSG060,CdtTrfTxInf/Dbtr/PstlAdr/BldgNb,Dbtr,:50K:,PARSED
MSG060,CdtTrfTxInf/Dbtr/PstlAdr/PstCd,Dbtr,:50K:,PARSED
MSG060,CdtTrfTxInf/Dbtr/PstlAdr/TwnNm,Dbtr,:50K:,PARSED
MSG060,CdtTrfTxInf/Dbtr/PstlAdr/Ctry,Dbtr,:50K:,PARSED
MSG060,CdtTrfTxInf/DbtrAcct/Id/Othr/Id,DbtrAcct,:50K: account line,DIRECT
MSG060,CdtTrfTxInf/DbtrAgt/FinInstnId/BICFI,DbtrAgt,:52A:,DIRECT
MSG060,CdtTrfTxInf/CdtrAgt/FinInstnId/BICFI,CdtrAgt,:57A:,DIRECT
MSG060,CdtTrfTxInf/Cdtr/Nm,Cdtr,:59: line 1,DIRECT
MSG060,CdtTrfTxInf/Cdtr/PstlAdr/PstCd,Cdtr,:59:,PARSED
MSG060,CdtTrfTxInf/Cdtr/PstlAdr/TwnNm,Cdtr,:59:,PARSED
MSG060,CdtTrfTxInf/Cdtr/PstlAdr/Ctry,Cdtr,:59:,PARSED
MSG060,CdtTrfTxInf/Cdtr/PstlAdr/AdrLine,Cdtr,:59:,FREETEXT
MSG060,CdtTrfTxInf/CdtrAcct/Id/IBAN,CdtrAcct,:59: account line,DIRECT
MSG060,CdtTrfTxInf/RgltryRptg/Dtls/Inf,RgltryRptg,:77B:,FREETEXT
MSG060,CdtTrfTxInf/RmtInf/Ustrd,RmtInf,:70:,FREETEXT
MSG061,GrpHdr/MsgId,GrpHdr,:20:,DIRECT
MSG061,GrpHdr/CreDtTm,GrpHdr,conversion time,INFERRED
MSG061,GrpHdr/NbOfTxs,GrpHdr,structure,INFERRED
MSG061,GrpHdr/SttlmInf/SttlmMtd,GrpHdr,:53A:/:54A: presence,INFERRED
MSG061,CdtTrfTxInf/PmtId/InstrId,PmtId,:20:,DIRECT
MSG061,CdtTrfTxInf/PmtId/EndToEndId,PmtId,no /ROC/ in :70:,INFERRED
MSG061,CdtTrfTxInf/PmtId/TxId,PmtId,:20:,DIRECT
MSG061,CdtTrfTxInf/PmtId/UETR,PmtId,{3:{121:}},DIRECT
MSG061,CdtTrfTxInf/PmtTpInf/SvcLvl/Prtry,PmtTpInf,:23B:,CODE
MSG061,CdtTrfTxInf/IntrBkSttlmAmt,IntrBkSttlmAmt,:32A:,DIRECT
MSG061,CdtTrfTxInf/IntrBkSttlmDt,IntrBkSttlmDt,:32A:,DIRECT
MSG061,CdtTrfTxInf/InstdAmt,InstdAmt,:33B:,DIRECT
MSG061,CdtTrfTxInf/ChrgBr,ChrgBr,:71A:,CODE
MSG061,CdtTrfTxInf/InstgAgt/FinInstnId/BICFI,InstgAgt,{1:} sender LT,DIRECT
MSG061,CdtTrfTxInf/InstdAgt/FinInstnId/BICFI,InstdAgt,{2:} receiver LT,DIRECT
MSG061,CdtTrfTxInf/Dbtr/Nm,Dbtr,:50K: line 1,DIRECT
MSG061,CdtTrfTxInf/Dbtr/PstlAdr/TwnNm,Dbtr,:50K:,PARSED
MSG061,CdtTrfTxInf/Dbtr/PstlAdr/Ctry,Dbtr,:50K:,PARSED
MSG061,CdtTrfTxInf/Dbtr/PstlAdr/AdrLine,Dbtr,:50K:,FREETEXT
MSG061,CdtTrfTxInf/DbtrAcct/Id/IBAN,DbtrAcct,:50K: account line,DIRECT
MSG061,CdtTrfTxInf/DbtrAgt/FinInstnId/BICFI,DbtrAgt,:52a: absent; sender BIC assumed,INFERRED
MSG061,CdtTrfTxInf/CdtrAgt/FinInstnId/BICFI,CdtrAgt,:57A:,DIRECT
MSG061,CdtTrfTxInf/Cdtr/Nm,Cdtr,:59: line 1,DIRECT
MSG061,CdtTrfTxInf/Cdtr/PstlAdr/TwnNm,Cdtr,:59:,PARSED
MSG061,CdtTrfTxInf/Cdtr/PstlAdr/Ctry,Cdtr,:59:,PARSED
MSG061,CdtTrfTxInf/Cdtr/PstlAdr/AdrLine,Cdtr,:59:,FREETEXT
MSG061,CdtTrfTxInf/CdtrAcct/Id/IBAN,CdtrAcct,:59: account line,DIRECT
MSG061,CdtTrfTxInf/RmtInf/Ustrd,RmtInf,:70:,FREETEXT
MSG062,GrpHdr/MsgId,GrpHdr,:20:,DIRECT
MSG062,GrpHdr/CreDtTm,GrpHdr,conversion time,INFERRED
MSG062,GrpHdr/NbOfTxs,GrpHdr,structure,INFERRED
MSG062,GrpHdr/SttlmInf/SttlmMtd,GrpHdr,:53A:/:54A: presence,INFERRED
MSG062,CdtTrfTxInf/PmtId/InstrId,PmtId,:20:,DIRECT
MSG062,CdtTrfTxInf/PmtId/EndToEndId,PmtId,no /ROC/ in :70:,INFERRED
MSG062,CdtTrfTxInf/PmtId/TxId,PmtId,:20:,DIRECT
MSG062,CdtTrfTxInf/PmtId/UETR,PmtId,{3:{121:}},DIRECT
MSG062,CdtTrfTxInf/IntrBkSttlmAmt,IntrBkSttlmAmt,:32A:,DIRECT
MSG062,CdtTrfTxInf/IntrBkSttlmDt,IntrBkSttlmDt,:32A:,DIRECT
MSG062,CdtTrfTxInf/ChrgBr,ChrgBr,:71A:,CODE
MSG062,CdtTrfTxInf/InstgAgt/FinInstnId/BICFI,InstgAgt,{1:} sender LT,DIRECT
MSG062,CdtTrfTxInf/InstdAgt/FinInstnId/BICFI,InstdAgt,{2:} receiver LT,DIRECT
MSG062,CdtTrfTxInf/Dbtr/Nm,Dbtr,:50K: line 1,DIRECT
MSG062,CdtTrfTxInf/Dbtr/PstlAdr/TwnNm,Dbtr,:50K:,PARSED
MSG062,CdtTrfTxInf/Dbtr/PstlAdr/Ctry,Dbtr,:50K:,PARSED
MSG062,CdtTrfTxInf/Dbtr/PstlAdr/AdrLine,Dbtr,:50K:,FREETEXT
MSG062,CdtTrfTxInf/DbtrAcct/Id/IBAN,DbtrAcct,:50K: account line,DIRECT
MSG062,CdtTrfTxInf/DbtrAgt/FinInstnId/BICFI,DbtrAgt,:52A:,DIRECT
MSG062,CdtTrfTxInf/CdtrAgt/FinInstnId/BICFI,CdtrAgt,:57A:,DIRECT
MSG062,CdtTrfTxInf/Cdtr/Nm,Cdtr,:59: line 1,DIRECT
MSG062,CdtTrfTxInf/Cdtr/PstlAdr/StrtNm,Cdtr,:59:,PARSED
MSG062,CdtTrfTxInf/Cdtr/PstlAdr/BldgNb,Cdtr,:59:,PARSED
MSG062,CdtTrfTxInf/Cdtr/PstlAdr/TwnNm,Cdtr,:59:,PARSED
MSG062,CdtTrfTxInf/Cdtr/PstlAdr/Ctry,Cdtr,:59:,PARSED
MSG062,CdtTrfTxInf/CdtrAcct/Id/IBAN,CdtrAcct,:59: account line,DIRECT
MSG062,CdtTrfTxInf/RmtInf/Ustrd,RmtInf,:70:,FREETEXT
MSG062,CdtTrfTxInf/RmtInf/Strd/RfrdDocInf/Tp/CdOrPrtry/Cd,RmtInf,:70: /INV/,CODE
MSG062,CdtTrfTxInf/RmtInf/Strd/RfrdDocInf/Nb,RmtInf,:70: /INV/,CODE
MSG064,GrpHdr/MsgId,GrpHdr,:20:,DIRECT
MSG064,GrpHdr/CreDtTm,GrpHdr,conversion time,INFERRED
MSG064,GrpHdr/NbOfTxs,GrpHdr,structure,INFERRED
MSG064,GrpHdr/SttlmInf/SttlmMtd,GrpHdr,:53A:/:54A: presence,INFERRED
MSG064,CdtTrfTxInf/PmtId/InstrId,PmtId,:20:,DIRECT
MSG064,CdtTrfTxInf/PmtId/EndToEndId,PmtId,:70: /ROC/,CODE
MSG064,CdtTrfTxInf/PmtId/TxId,PmtId,:20:,DIRECT
MSG064,CdtTrfTxInf/PmtId/UETR,PmtId,generated by translator,INFERRED
MSG064,CdtTrfTxInf/IntrBkSttlmAmt,IntrBkSttlmAmt,:32A:,DIRECT
MSG064,CdtTrfTxInf/IntrBkSttlmDt,IntrBkSttlmDt,:32A:,DIRECT
MSG064,CdtTrfTxInf/InstdAmt,InstdAmt,:33B:,DIRECT
MSG064,CdtTrfTxInf/XchgRate,XchgRate,:36:,DIRECT
MSG064,CdtTrfTxInf/ChrgBr,ChrgBr,:71A:,CODE
MSG064,CdtTrfTxInf/InstgAgt/FinInstnId/BICFI,InstgAgt,{1:} sender LT,DIRECT
MSG064,CdtTrfTxInf/InstdAgt/FinInstnId/BICFI,InstdAgt,{2:} receiver LT,DIRECT
MSG064,CdtTrfTxInf/Dbtr/Nm,Dbtr,:50K: line 1,DIRECT
MSG064,CdtTrfTxInf/Dbtr/PstlAdr/TwnNm,Dbtr,:50K:,PARSED
MSG064,CdtTrfTxInf/Dbtr/PstlAdr/Ctry,Dbtr,:50K:,PARSED
MSG064,CdtTrfTxInf/Dbtr/PstlAdr/AdrLine,Dbtr,:50K:,FREETEXT
MSG064,CdtTrfTxInf/DbtrAcct/Id/IBAN,DbtrAcct,:50K: account line,DIRECT
MSG064,CdtTrfTxInf/DbtrAgt/FinInstnId/BICFI,DbtrAgt,:52a: absent; sender BIC assumed,INFERRED
MSG064,CdtTrfTxInf/CdtrAgt/FinInstnId/BICFI,CdtrAgt,:57A:,DIRECT
MSG064,CdtTrfTxInf/Cdtr/Nm,Cdtr,:59: line 1,DIRECT
MSG064,CdtTrfTxInf/Cdtr/PstlAdr/PstCd,Cdtr,:59:,PARSED
MSG064,CdtTrfTxInf/Cdtr/PstlAdr/TwnNm,Cdtr,:59:,PARSED
MSG064,CdtTrfTxInf/Cdtr/PstlAdr/Ctry,Cdtr,:59:,PARSED
MSG064,CdtTrfTxInf/Cdtr/PstlAdr/AdrLine,Cdtr,:59:,FREETEXT
MSG064,CdtTrfTxInf/CdtrAcct/Id/IBAN,CdtrAcct,:59: account line,DIRECT
MSG064,CdtTrfTxInf/InstrForNxtAgt/InstrInf,InstrForNxtAgt,:72:,FREETEXT
MSG064,CdtTrfTxInf/InstrForNxtAgt/InstrInf,InstrForNxtAgt,:72:,FREETEXT
MSG064,CdtTrfTxInf/RgltryRptg/Dtls/Inf,RgltryRptg,:77B:,FREETEXT
MSG064,CdtTrfTxInf/RmtInf/Ustrd,RmtInf,:70:,FREETEXT
MSG064,CdtTrfTxInf/RmtInf/Strd/RfrdDocInf/Tp/CdOrPrtry/Cd,RmtInf,:70: /INV/,CODE
MSG064,CdtTrfTxInf/RmtInf/Strd/RfrdDocInf/Nb,RmtInf,:70: /INV/,CODE
MSG065,GrpHdr/MsgId,GrpHdr,:20:,DIRECT
MSG065,GrpHdr/CreDtTm,GrpHdr,conversion time,INFERRED
MSG065,GrpHdr/NbOfTxs,GrpHdr,structure,INFERRED
MSG065,GrpHdr/SttlmInf/SttlmMtd,GrpHdr,:53A:/:54A: presence,INFERRED
MSG065,CdtTrfTxInf/PmtId/InstrId,PmtId,:20:,DIRECT
MSG065,CdtTrfTxInf/PmtId/EndToEndId,PmtId,no /ROC/ in :70:,INFERRED
MSG065,CdtTrfTxInf/PmtId/TxId,PmtId,:20:,DIRECT
MSG065,CdtTrfTxInf/PmtId/UETR,PmtId,{3:{121:}},DIRECT
MSG065,CdtTrfTxInf/IntrBkSttlmAmt,IntrBkSttlmAmt,:32A:,DIRECT
MSG065,CdtTrfTxInf/IntrBkSttlmDt,IntrBkSttlmDt,:32A:,DIRECT
MSG065,CdtTrfTxInf/InstdAmt,InstdAmt,:33B:,DIRECT
MSG065,CdtTrfTxInf/XchgRate,XchgRate,:36:,DIRECT
MSG065,CdtTrfTxInf/ChrgBr,ChrgBr,:71A:,CODE
MSG065,CdtTrfTxInf/InstgAgt/FinInstnId/BICFI,InstgAgt,{1:} sender LT,DIRECT
MSG065,CdtTrfTxInf/InstdAgt/FinInstnId/BICFI,InstdAgt,{2:} receiver LT,DIRECT
MSG065,CdtTrfTxInf/Dbtr/Nm,Dbtr,:50K: line 1,DIRECT
MSG065,CdtTrfTxInf/Dbtr/PstlAdr/PstCd,Dbtr,:50K:,PARSED
MSG065,CdtTrfTxInf/Dbtr/PstlAdr/TwnNm,Dbtr,:50K:,PARSED
MSG065,CdtTrfTxInf/Dbtr/PstlAdr/Ctry,Dbtr,:50K:,PARSED
MSG065,CdtTrfTxInf/Dbtr/PstlAdr/AdrLine,Dbtr,:50K:,FREETEXT
MSG065,CdtTrfTxInf/DbtrAcct/Id/IBAN,DbtrAcct,:50K: account line,DIRECT
MSG065,CdtTrfTxInf/DbtrAgt/FinInstnId/BICFI,DbtrAgt,:52A:,DIRECT
MSG065,CdtTrfTxInf/CdtrAgt/FinInstnId/BICFI,CdtrAgt,:57A:,DIRECT
MSG065,CdtTrfTxInf/Cdtr/Nm,Cdtr,:59: line 1,DIRECT
MSG065,CdtTrfTxInf/Cdtr/PstlAdr/StrtNm,Cdtr,:59:,PARSED
MSG065,CdtTrfTxInf/Cdtr/PstlAdr/BldgNb,Cdtr,:59:,PARSED
MSG065,CdtTrfTxInf/Cdtr/PstlAdr/PstCd,Cdtr,:59:,PARSED
MSG065,CdtTrfTxInf/Cdtr/PstlAdr/TwnNm,Cdtr,:59:,PARSED
MSG065,CdtTrfTxInf/Cdtr/PstlAdr/Ctry,Cdtr,:59:,PARSED
MSG065,CdtTrfTxInf/CdtrAcct/Id/IBAN,CdtrAcct,:59: account line,DIRECT
MSG065,CdtTrfTxInf/RmtInf/Ustrd,RmtInf,:70:,FREETEXT
MSG066,GrpHdr/MsgId,GrpHdr,:20:,DIRECT
MSG066,GrpHdr/CreDtTm,GrpHdr,conversion time,INFERRED
MSG066,GrpHdr/NbOfTxs,GrpHdr,structure,INFERRED
MSG066,GrpHdr/SttlmInf/SttlmMtd,GrpHdr,:53A:/:54A: presence,INFERRED
MSG066,CdtTrfTxInf/PmtId/InstrId,PmtId,:20:,DIRECT
MSG066,CdtTrfTxInf/PmtId/EndToEndId,PmtId,no /ROC/ in :70:,INFERRED
MSG066,CdtTrfTxInf/PmtId/TxId,PmtId,:20:,DIRECT
MSG066,CdtTrfTxInf/PmtId/UETR,PmtId,generated by translator,INFERRED
MSG066,CdtTrfTxInf/PmtTpInf/SvcLvl/Prtry,PmtTpInf,:23B:,CODE
MSG066,CdtTrfTxInf/IntrBkSttlmAmt,IntrBkSttlmAmt,:32A:,DIRECT
MSG066,CdtTrfTxInf/IntrBkSttlmDt,IntrBkSttlmDt,:32A:,DIRECT
MSG066,CdtTrfTxInf/ChrgBr,ChrgBr,:71A:,CODE
MSG066,CdtTrfTxInf/InstgAgt/FinInstnId/BICFI,InstgAgt,{1:} sender LT,DIRECT
MSG066,CdtTrfTxInf/InstdAgt/FinInstnId/BICFI,InstdAgt,{2:} receiver LT,DIRECT
MSG066,CdtTrfTxInf/Dbtr/Nm,Dbtr,:50K: line 1,DIRECT
MSG066,CdtTrfTxInf/Dbtr/PstlAdr/StrtNm,Dbtr,:50K:,PARSED
MSG066,CdtTrfTxInf/Dbtr/PstlAdr/BldgNb,Dbtr,:50K:,PARSED
MSG066,CdtTrfTxInf/Dbtr/PstlAdr/PstCd,Dbtr,:50K:,PARSED
MSG066,CdtTrfTxInf/Dbtr/PstlAdr/TwnNm,Dbtr,:50K:,PARSED
MSG066,CdtTrfTxInf/Dbtr/PstlAdr/CtrySubDvsn,Dbtr,:50K:,PARSED
MSG066,CdtTrfTxInf/Dbtr/PstlAdr/Ctry,Dbtr,:50K:,PARSED
MSG066,CdtTrfTxInf/DbtrAcct/Id/Othr/Id,DbtrAcct,:50K: account line,DIRECT
MSG066,CdtTrfTxInf/DbtrAgt/FinInstnId/BICFI,DbtrAgt,:52A:,DIRECT
MSG066,CdtTrfTxInf/CdtrAgt/FinInstnId/BICFI,CdtrAgt,:57A:,DIRECT
MSG066,CdtTrfTxInf/Cdtr/Nm,Cdtr,:59F: 1/,DIRECT
MSG066,CdtTrfTxInf/Cdtr/PstlAdr/TwnNm,Cdtr,":59F: 2/,3/",DIRECT
MSG066,CdtTrfTxInf/Cdtr/PstlAdr/Ctry,Cdtr,":59F: 2/,3/",DIRECT
MSG066,CdtTrfTxInf/Cdtr/PstlAdr/AdrLine,Cdtr,":59F: 2/,3/",FREETEXT
MSG066,CdtTrfTxInf/CdtrAcct/Id/Othr/Id,CdtrAcct,:59F: account line,DIRECT
MSG066,CdtTrfTxInf/RmtInf/Ustrd,RmtInf,:70:,FREETEXT
MSG067,GrpHdr/MsgId,GrpHdr,:20:,DIRECT
MSG067,GrpHdr/CreDtTm,GrpHdr,conversion time,INFERRED
MSG067,GrpHdr/NbOfTxs,GrpHdr,structure,INFERRED
MSG067,GrpHdr/SttlmInf/SttlmMtd,GrpHdr,:53A:/:54A: presence,INFERRED
MSG067,CdtTrfTxInf/PmtId/InstrId,PmtId,:20:,DIRECT
MSG067,CdtTrfTxInf/PmtId/EndToEndId,PmtId,no /ROC/ in :70:,INFERRED
MSG067,CdtTrfTxInf/PmtId/TxId,PmtId,:20:,DIRECT
MSG067,CdtTrfTxInf/PmtId/UETR,PmtId,{3:{121:}},DIRECT
MSG067,CdtTrfTxInf/IntrBkSttlmAmt,IntrBkSttlmAmt,:32A:,DIRECT
MSG067,CdtTrfTxInf/IntrBkSttlmDt,IntrBkSttlmDt,:32A:,DIRECT
MSG067,CdtTrfTxInf/ChrgBr,ChrgBr,:71A:,CODE
MSG067,CdtTrfTxInf/InstgAgt/FinInstnId/BICFI,InstgAgt,{1:} sender LT,DIRECT
MSG067,CdtTrfTxInf/InstdAgt/FinInstnId/BICFI,InstdAgt,{2:} receiver LT,DIRECT
MSG067,CdtTrfTxInf/Dbtr/Nm,Dbtr,:50K: line 1,DIRECT
MSG067,CdtTrfTxInf/Dbtr/PstlAdr/TwnNm,Dbtr,:50K:,PARSED
MSG067,CdtTrfTxInf/Dbtr/PstlAdr/Ctry,Dbtr,:50K:,PARSED
MSG067,CdtTrfTxInf/Dbtr/PstlAdr/AdrLine,Dbtr,:50K:,FREETEXT
MSG067,CdtTrfTxInf/DbtrAcct/Id/IBAN,DbtrAcct,:50K: account line,DIRECT
MSG067,CdtTrfTxInf/DbtrAgt/FinInstnId/BICFI,DbtrAgt,:52A:,DIRECT
MSG067,CdtTrfTxInf/CdtrAgt/FinInstnId/BICFI,CdtrAgt,:57A:,DIRECT
MSG067,CdtTrfTxInf/Cdtr/Nm,Cdtr,:59: line 1,DIRECT
MSG067,CdtTrfTxInf/Cdtr/PstlAdr/StrtNm,Cdtr,:59:,PARSED
MSG067,CdtTrfTxInf/Cdtr/PstlAdr/BldgNb,Cdtr,:59:,PARSED
MSG067,CdtTrfTxInf/Cdtr/PstlAdr/PstCd,Cdtr,:59:,PARSED
MSG067,CdtTrfTxInf/Cdtr/PstlAdr/TwnNm,Cdtr,:59:,PARSED
MSG067,CdtTrfTxInf/Cdtr/PstlAdr/Ctry,Cdtr,:59:,PARSED
MSG067,CdtTrfTxInf/CdtrAcct/Id/IBAN,CdtrAcct,:59: account line,DIRECT
MSG067,CdtTrfTxInf/RmtInf/Ustrd,RmtInf,:70:,FREETEXT
MSG068,GrpHdr/MsgId,GrpHdr,:20:,DIRECT
MSG068,GrpHdr/CreDtTm,GrpHdr,conversion time,INFERRED
MSG068,GrpHdr/NbOfTxs,GrpHdr,structure,INFERRED
MSG068,GrpHdr/SttlmInf/SttlmMtd,GrpHdr,:53A:/:54A: presence,INFERRED
MSG068,CdtTrfTxInf/PmtId/InstrId,PmtId,:20:,DIRECT
MSG068,CdtTrfTxInf/PmtId/EndToEndId,PmtId,no /ROC/ in :70:,INFERRED
MSG068,CdtTrfTxInf/PmtId/TxId,PmtId,:20:,DIRECT
MSG068,CdtTrfTxInf/PmtId/UETR,PmtId,{3:{121:}},DIRECT
MSG068,CdtTrfTxInf/IntrBkSttlmAmt,IntrBkSttlmAmt,:32A:,DIRECT
MSG068,CdtTrfTxInf/IntrBkSttlmDt,IntrBkSttlmDt,:32A:,DIRECT
MSG068,CdtTrfTxInf/ChrgBr,ChrgBr,:71A:,CODE
MSG068,CdtTrfTxInf/InstgAgt/FinInstnId/BICFI,InstgAgt,{1:} sender LT,DIRECT
MSG068,CdtTrfTxInf/InstdAgt/FinInstnId/BICFI,InstdAgt,{2:} receiver LT,DIRECT
MSG068,CdtTrfTxInf/Dbtr/Nm,Dbtr,:50K: line 1,DIRECT
MSG068,CdtTrfTxInf/Dbtr/PstlAdr/TwnNm,Dbtr,:50K:,PARSED
MSG068,CdtTrfTxInf/Dbtr/PstlAdr/Ctry,Dbtr,:50K:,PARSED
MSG068,CdtTrfTxInf/Dbtr/PstlAdr/AdrLine,Dbtr,:50K:,FREETEXT
MSG068,CdtTrfTxInf/DbtrAcct/Id/IBAN,DbtrAcct,:50K: account line,DIRECT
MSG068,CdtTrfTxInf/DbtrAgt/FinInstnId/BICFI,DbtrAgt,:52A:,DIRECT
MSG068,CdtTrfTxInf/CdtrAgt/FinInstnId/BICFI,CdtrAgt,:57a: absent; receiver BIC assumed,INFERRED
MSG068,CdtTrfTxInf/Cdtr/Nm,Cdtr,:59: line 1,DIRECT
MSG068,CdtTrfTxInf/Cdtr/PstlAdr/TwnNm,Cdtr,:59:,PARSED
MSG068,CdtTrfTxInf/Cdtr/PstlAdr/Ctry,Cdtr,:59: country deduced from town,INFERRED
MSG068,CdtTrfTxInf/Cdtr/PstlAdr/AdrLine,Cdtr,:59:,FREETEXT
MSG068,CdtTrfTxInf/CdtrAcct/Id/IBAN,CdtrAcct,:59: account line,DIRECT
MSG068,CdtTrfTxInf/RmtInf/Ustrd,RmtInf,:70:,FREETEXT
MSG069,GrpHdr/MsgId,GrpHdr,:20:,DIRECT
MSG069,GrpHdr/CreDtTm,GrpHdr,conversion time,INFERRED
MSG069,GrpHdr/NbOfTxs,GrpHdr,structure,INFERRED
MSG069,GrpHdr/SttlmInf/SttlmMtd,GrpHdr,:53A:/:54A: presence,INFERRED
MSG069,CdtTrfTxInf/PmtId/InstrId,PmtId,:20:,DIRECT
MSG069,CdtTrfTxInf/PmtId/EndToEndId,PmtId,no /ROC/ in :70:,INFERRED
MSG069,CdtTrfTxInf/PmtId/TxId,PmtId,:20:,DIRECT
MSG069,CdtTrfTxInf/PmtId/UETR,PmtId,{3:{121:}},DIRECT
MSG069,CdtTrfTxInf/IntrBkSttlmAmt,IntrBkSttlmAmt,:32A:,DIRECT
MSG069,CdtTrfTxInf/IntrBkSttlmDt,IntrBkSttlmDt,:32A:,DIRECT
MSG069,CdtTrfTxInf/ChrgBr,ChrgBr,:71A:,CODE
MSG069,CdtTrfTxInf/InstgAgt/FinInstnId/BICFI,InstgAgt,{1:} sender LT,DIRECT
MSG069,CdtTrfTxInf/InstdAgt/FinInstnId/BICFI,InstdAgt,{2:} receiver LT,DIRECT
MSG069,CdtTrfTxInf/Dbtr/Nm,Dbtr,:50K: line 1,DIRECT
MSG069,CdtTrfTxInf/Dbtr/PstlAdr/TwnNm,Dbtr,:50K:,PARSED
MSG069,CdtTrfTxInf/Dbtr/PstlAdr/Ctry,Dbtr,:50K:,PARSED
MSG069,CdtTrfTxInf/Dbtr/PstlAdr/AdrLine,Dbtr,:50K:,FREETEXT
MSG069,CdtTrfTxInf/DbtrAcct/Id/IBAN,DbtrAcct,:50K: account line,DIRECT
MSG069,CdtTrfTxInf/DbtrAgt/FinInstnId/BICFI,DbtrAgt,:52a: absent; sender BIC assumed,INFERRED
MSG069,CdtTrfTxInf/CdtrAgt/FinInstnId/BICFI,CdtrAgt,:57a: absent; receiver BIC assumed,INFERRED
MSG069,CdtTrfTxInf/Cdtr/Nm,Cdtr,:59: line 1,DIRECT
MSG069,CdtTrfTxInf/Cdtr/PstlAdr/PstCd,Cdtr,:59:,PARSED
MSG069,CdtTrfTxInf/Cdtr/PstlAdr/TwnNm,Cdtr,:59:,PARSED
MSG069,CdtTrfTxInf/Cdtr/PstlAdr/Ctry,Cdtr,:59:,PARSED
MSG069,CdtTrfTxInf/Cdtr/PstlAdr/AdrLine,Cdtr,:59:,FREETEXT
MSG069,CdtTrfTxInf/CdtrAcct/Id/IBAN,CdtrAcct,:59: account line,DIRECT
MSG069,CdtTrfTxInf/RgltryRptg/Dtls/Inf,RgltryRptg,:77B:,FREETEXT
MSG069,CdtTrfTxInf/RmtInf/Ustrd,RmtInf,:70:,FREETEXT
MSG070,GrpHdr/MsgId,GrpHdr,:20:,DIRECT
MSG070,GrpHdr/CreDtTm,GrpHdr,conversion time,INFERRED
MSG070,GrpHdr/NbOfTxs,GrpHdr,structure,INFERRED
MSG070,GrpHdr/SttlmInf/SttlmMtd,GrpHdr,:53A:/:54A: presence,INFERRED
MSG070,CdtTrfTxInf/PmtId/InstrId,PmtId,:20:,DIRECT
MSG070,CdtTrfTxInf/PmtId/EndToEndId,PmtId,no /ROC/ in :70:,INFERRED
MSG070,CdtTrfTxInf/PmtId/TxId,PmtId,:20:,DIRECT
MSG070,CdtTrfTxInf/PmtId/UETR,PmtId,{3:{121:}},DIRECT
MSG070,CdtTrfTxInf/IntrBkSttlmAmt,IntrBkSttlmAmt,:32A:,DIRECT
MSG070,CdtTrfTxInf/IntrBkSttlmDt,IntrBkSttlmDt,:32A:,DIRECT
MSG070,CdtTrfTxInf/ChrgBr,ChrgBr,:71A:,CODE
MSG070,CdtTrfTxInf/InstgAgt/FinInstnId/BICFI,InstgAgt,{1:} sender LT,DIRECT
MSG070,CdtTrfTxInf/InstdAgt/FinInstnId/BICFI,InstdAgt,{2:} receiver LT,DIRECT
MSG070,CdtTrfTxInf/Dbtr/Nm,Dbtr,:50K: line 1,DIRECT
MSG070,CdtTrfTxInf/Dbtr/PstlAdr/StrtNm,Dbtr,:50K:,PARSED
MSG070,CdtTrfTxInf/Dbtr/PstlAdr/BldgNb,Dbtr,:50K:,PARSED
MSG070,CdtTrfTxInf/Dbtr/PstlAdr/PstCd,Dbtr,:50K:,PARSED
MSG070,CdtTrfTxInf/Dbtr/PstlAdr/TwnNm,Dbtr,:50K:,PARSED
MSG070,CdtTrfTxInf/Dbtr/PstlAdr/Ctry,Dbtr,:50K:,PARSED
MSG070,CdtTrfTxInf/DbtrAcct/Id/IBAN,DbtrAcct,:50K: account line,DIRECT
MSG070,CdtTrfTxInf/DbtrAgt/FinInstnId/BICFI,DbtrAgt,:52a: absent; sender BIC assumed,INFERRED
MSG070,CdtTrfTxInf/CdtrAgt/FinInstnId/BICFI,CdtrAgt,:57A:,DIRECT
MSG070,CdtTrfTxInf/Cdtr/Nm,Cdtr,:59: line 1,DIRECT
MSG070,CdtTrfTxInf/Cdtr/PstlAdr/StrtNm,Cdtr,:59:,PARSED
MSG070,CdtTrfTxInf/Cdtr/PstlAdr/BldgNb,Cdtr,:59:,PARSED
MSG070,CdtTrfTxInf/Cdtr/PstlAdr/PstCd,Cdtr,:59:,PARSED
MSG070,CdtTrfTxInf/Cdtr/PstlAdr/TwnNm,Cdtr,:59:,PARSED
MSG070,CdtTrfTxInf/Cdtr/PstlAdr/Ctry,Cdtr,:59:,PARSED
MSG070,CdtTrfTxInf/CdtrAcct/Id/IBAN,CdtrAcct,:59: account line,DIRECT
MSG070,CdtTrfTxInf/RmtInf/Ustrd,RmtInf,:70:,FREETEXT
MSG070,CdtTrfTxInf/RmtInf/Strd/RfrdDocInf/Tp/CdOrPrtry/Cd,RmtInf,:70: /INV/,CODE
MSG070,CdtTrfTxInf/RmtInf/Strd/RfrdDocInf/Nb,RmtInf,:70: /INV/,CODE
MSG071,GrpHdr/MsgId,GrpHdr,:20:,DIRECT
MSG071,GrpHdr/CreDtTm,GrpHdr,conversion time,INFERRED
MSG071,GrpHdr/NbOfTxs,GrpHdr,structure,INFERRED
MSG071,GrpHdr/SttlmInf/SttlmMtd,GrpHdr,:53A:/:54A: presence,INFERRED
MSG071,CdtTrfTxInf/PmtId/InstrId,PmtId,:20:,DIRECT
MSG071,CdtTrfTxInf/PmtId/EndToEndId,PmtId,no /ROC/ in :70:,INFERRED
MSG071,CdtTrfTxInf/PmtId/TxId,PmtId,:20:,DIRECT
MSG071,CdtTrfTxInf/PmtId/UETR,PmtId,generated by translator,INFERRED
MSG071,CdtTrfTxInf/IntrBkSttlmAmt,IntrBkSttlmAmt,:32A:,DIRECT
MSG071,CdtTrfTxInf/IntrBkSttlmDt,IntrBkSttlmDt,:32A:,DIRECT
MSG071,CdtTrfTxInf/ChrgBr,ChrgBr,:71A:,CODE
MSG071,CdtTrfTxInf/InstgAgt/FinInstnId/BICFI,InstgAgt,{1:} sender LT,DIRECT
MSG071,CdtTrfTxInf/InstdAgt/FinInstnId/BICFI,InstdAgt,{2:} receiver LT,DIRECT
MSG071,CdtTrfTxInf/IntrmyAgt1/FinInstnId/BICFI,IntrmyAgt1,:56A:,DIRECT
MSG071,CdtTrfTxInf/Dbtr/Nm,Dbtr,:50K: line 1,DIRECT
MSG071,CdtTrfTxInf/Dbtr/PstlAdr/TwnNm,Dbtr,:50K:,PARSED
MSG071,CdtTrfTxInf/Dbtr/PstlAdr/Ctry,Dbtr,:50K:,PARSED
MSG071,CdtTrfTxInf/Dbtr/PstlAdr/AdrLine,Dbtr,:50K:,FREETEXT
MSG071,CdtTrfTxInf/DbtrAcct/Id/IBAN,DbtrAcct,:50K: account line,DIRECT
MSG071,CdtTrfTxInf/DbtrAgt/FinInstnId/BICFI,DbtrAgt,:52A:,DIRECT
MSG071,CdtTrfTxInf/CdtrAgt/FinInstnId/BICFI,CdtrAgt,:57a: absent; receiver BIC assumed,INFERRED
MSG071,CdtTrfTxInf/Cdtr/Nm,Cdtr,:59F: 1/,DIRECT
MSG071,CdtTrfTxInf/Cdtr/PstlAdr/TwnNm,Cdtr,":59F: 2/,3/",DIRECT
MSG071,CdtTrfTxInf/Cdtr/PstlAdr/Ctry,Cdtr,":59F: 2/,3/",DIRECT
MSG071,CdtTrfTxInf/Cdtr/PstlAdr/AdrLine,Cdtr,":59F: 2/,3/",FREETEXT
MSG071,CdtTrfTxInf/CdtrAcct/Id/IBAN,CdtrAcct,:59F: account line,DIRECT
MSG071,CdtTrfTxInf/RgltryRptg/Dtls/Inf,RgltryRptg,:77B:,FREETEXT
MSG071,CdtTrfTxInf/RmtInf/Ustrd,RmtInf,:70:,FREETEXT
MSG072,GrpHdr/MsgId,GrpHdr,:20:,DIRECT
MSG072,GrpHdr/CreDtTm,GrpHdr,conversion time,INFERRED
MSG072,GrpHdr/NbOfTxs,GrpHdr,structure,INFERRED
MSG072,GrpHdr/SttlmInf/SttlmMtd,GrpHdr,:53A:/:54A: presence,INFERRED
MSG072,CdtTrfTxInf/PmtId/InstrId,PmtId,:20:,DIRECT
MSG072,CdtTrfTxInf/PmtId/EndToEndId,PmtId,:70: /ROC/,CODE
MSG072,CdtTrfTxInf/PmtId/TxId,PmtId,:20:,DIRECT
MSG072,CdtTrfTxInf/PmtId/UETR,PmtId,{3:{121:}},DIRECT
MSG072,CdtTrfTxInf/IntrBkSttlmAmt,IntrBkSttlmAmt,:32A:,DIRECT
MSG072,CdtTrfTxInf/IntrBkSttlmDt,IntrBkSttlmDt,:32A:,DIRECT
MSG072,CdtTrfTxInf/ChrgBr,ChrgBr,:71A:,CODE
MSG072,CdtTrfTxInf/InstgAgt/FinInstnId/BICFI,InstgAgt,{1:} sender LT,DIRECT
MSG072,CdtTrfTxInf/InstdAgt/FinInstnId/BICFI,InstdAgt,{2:} receiver LT,DIRECT
MSG072,CdtTrfTxInf/Dbtr/Nm,Dbtr,:50K: line 1,DIRECT
MSG072,CdtTrfTxInf/Dbtr/PstlAdr/TwnNm,Dbtr,:50K:,PARSED
MSG072,CdtTrfTxInf/Dbtr/PstlAdr/Ctry,Dbtr,:50K: country deduced from town,INFERRED
MSG072,CdtTrfTxInf/Dbtr/PstlAdr/AdrLine,Dbtr,:50K:,FREETEXT
MSG072,CdtTrfTxInf/DbtrAcct/Id/IBAN,DbtrAcct,:50K: account line,DIRECT
MSG072,CdtTrfTxInf/DbtrAgt/FinInstnId/BICFI,DbtrAgt,:52a: absent; sender BIC assumed,INFERRED
MSG072,CdtTrfTxInf/CdtrAgt/FinInstnId/BICFI,CdtrAgt,:57a: absent; receiver BIC assumed,INFERRED
MSG072,CdtTrfTxInf/Cdtr/Nm,Cdtr,:59: line 1,DIRECT
MSG072,CdtTrfTxInf/Cdtr/PstlAdr/StrtNm,Cdtr,:59:,PARSED
MSG072,CdtTrfTxInf/Cdtr/PstlAdr/BldgNb,Cdtr,:59:,PARSED
MSG072,CdtTrfTxInf/Cdtr/PstlAdr/PstCd,Cdtr,:59:,PARSED
MSG072,CdtTrfTxInf/Cdtr/PstlAdr/TwnNm,Cdtr,:59:,PARSED
MSG072,CdtTrfTxInf/Cdtr/PstlAdr/Ctry,Cdtr,:59:,PARSED
MSG072,CdtTrfTxInf/CdtrAcct/Id/Othr/Id,CdtrAcct,:59: account line,DIRECT
MSG072,CdtTrfTxInf/RmtInf/Ustrd,RmtInf,:70:,FREETEXT
MSG073,GrpHdr/MsgId,GrpHdr,:20:,DIRECT
MSG073,GrpHdr/CreDtTm,GrpHdr,conversion time,INFERRED
MSG073,GrpHdr/NbOfTxs,GrpHdr,structure,INFERRED
MSG073,GrpHdr/SttlmInf/SttlmMtd,GrpHdr,:53A:/:54A: presence,INFERRED
MSG073,CdtTrfTxInf/PmtId/InstrId,PmtId,:20:,DIRECT
MSG073,CdtTrfTxInf/PmtId/EndToEndId,PmtId,no /ROC/ in :70:,INFERRED
MSG073,CdtTrfTxInf/PmtId/TxId,PmtId,:20:,DIRECT
MSG073,CdtTrfTxInf/PmtId/UETR,PmtId,generated by translator,INFERRED
MSG073,CdtTrfTxInf/IntrBkSttlmAmt,IntrBkSttlmAmt,:32A:,DIRECT
MSG073,CdtTrfTxInf/IntrBkSttlmDt,IntrBkSttlmDt,:32A:,DIRECT
MSG073,CdtTrfTxInf/ChrgBr,ChrgBr,:71A:,CODE
MSG073,CdtTrfTxInf/ChrgsInf/Amt,ChrgsInf,:71G:,DIRECT
MSG073,CdtTrfTxInf/ChrgsInf/Agt/FinInstnId/BICFI,ChrgsInf,71G: agent not stated; header BIC assumed,INFERRED
MSG073,CdtTrfTxInf/InstgAgt/FinInstnId/BICFI,InstgAgt,{1:} sender LT,DIRECT
MSG073,CdtTrfTxInf/InstdAgt/FinInstnId/BICFI,InstdAgt,{2:} receiver LT,DIRECT
MSG073,CdtTrfTxInf/Dbtr/Nm,Dbtr,:50K: line 1,DIRECT
MSG073,CdtTrfTxInf/Dbtr/PstlAdr/TwnNm,Dbtr,:50K:,PARSED
MSG073,CdtTrfTxInf/Dbtr/PstlAdr/Ctry,Dbtr,:50K:,PARSED
MSG073,CdtTrfTxInf/Dbtr/PstlAdr/AdrLine,Dbtr,:50K:,FREETEXT
MSG073,CdtTrfTxInf/DbtrAcct/Id/IBAN,DbtrAcct,:50K: account line,DIRECT
MSG073,CdtTrfTxInf/DbtrAgt/FinInstnId/BICFI,DbtrAgt,:52a: absent; sender BIC assumed,INFERRED
MSG073,CdtTrfTxInf/CdtrAgt/FinInstnId/BICFI,CdtrAgt,:57A:,DIRECT
MSG073,CdtTrfTxInf/Cdtr/Nm,Cdtr,:59: line 1,DIRECT
MSG073,CdtTrfTxInf/Cdtr/PstlAdr/PstCd,Cdtr,:59:,PARSED
MSG073,CdtTrfTxInf/Cdtr/PstlAdr/TwnNm,Cdtr,:59:,PARSED
MSG073,CdtTrfTxInf/Cdtr/PstlAdr/Ctry,Cdtr,:59:,PARSED
MSG073,CdtTrfTxInf/Cdtr/PstlAdr/AdrLine,Cdtr,:59:,FREETEXT
MSG073,CdtTrfTxInf/CdtrAcct/Id/IBAN,CdtrAcct,:59: account line,DIRECT
MSG073,CdtTrfTxInf/InstrForNxtAgt/InstrInf,InstrForNxtAgt,:72:,FREETEXT
MSG073,CdtTrfTxInf/InstrForNxtAgt/InstrInf,InstrForNxtAgt,:72:,FREETEXT
MSG073,CdtTrfTxInf/RmtInf/Ustrd,RmtInf,:70:,FREETEXT
MSG073,CdtTrfTxInf/RmtInf/Strd/CdtrRefInf/Ref,RmtInf,:70: /RFB/,CODE
MSG074,GrpHdr/MsgId,GrpHdr,:20:,DIRECT
MSG074,GrpHdr/CreDtTm,GrpHdr,conversion time,INFERRED
MSG074,GrpHdr/NbOfTxs,GrpHdr,structure,INFERRED
MSG074,GrpHdr/SttlmInf/SttlmMtd,GrpHdr,:53A:/:54A: presence,INFERRED
MSG074,CdtTrfTxInf/PmtId/InstrId,PmtId,:20:,DIRECT
MSG074,CdtTrfTxInf/PmtId/EndToEndId,PmtId,:70: /ROC/,CODE
MSG074,CdtTrfTxInf/PmtId/TxId,PmtId,:20:,DIRECT
MSG074,CdtTrfTxInf/PmtId/UETR,PmtId,generated by translator,INFERRED
MSG074,CdtTrfTxInf/PmtTpInf/SvcLvl/Prtry,PmtTpInf,:23B:,CODE
MSG074,CdtTrfTxInf/IntrBkSttlmAmt,IntrBkSttlmAmt,:32A:,DIRECT
MSG074,CdtTrfTxInf/IntrBkSttlmDt,IntrBkSttlmDt,:32A:,DIRECT
MSG074,CdtTrfTxInf/ChrgBr,ChrgBr,:71A:,CODE
MSG074,CdtTrfTxInf/InstgAgt/FinInstnId/BICFI,InstgAgt,{1:} sender LT,DIRECT
MSG074,CdtTrfTxInf/InstdAgt/FinInstnId/BICFI,InstdAgt,{2:} receiver LT,DIRECT
MSG074,CdtTrfTxInf/Dbtr/Nm,Dbtr,:50K: line 1,DIRECT
MSG074,CdtTrfTxInf/Dbtr/PstlAdr/StrtNm,Dbtr,:50K:,PARSED
MSG074,CdtTrfTxInf/Dbtr/PstlAdr/BldgNb,Dbtr,:50K:,PARSED
MSG074,CdtTrfTxInf/Dbtr/PstlAdr/PstCd,Dbtr,:50K:,PARSED
MSG074,CdtTrfTxInf/Dbtr/PstlAdr/TwnNm,Dbtr,:50K:,PARSED
MSG074,CdtTrfTxInf/Dbtr/PstlAdr/CtrySubDvsn,Dbtr,:50K:,PARSED
MSG074,CdtTrfTxInf/Dbtr/PstlAdr/Ctry,Dbtr,:50K:,PARSED
MSG074,CdtTrfTxInf/DbtrAcct/Id/Othr/Id,DbtrAcct,:50K: account line,DIRECT
MSG074,CdtTrfTxInf/DbtrAgt/FinInstnId/BICFI,DbtrAgt,:52a: absent; sender BIC assumed,INFERRED
MSG074,CdtTrfTxInf/CdtrAgt/FinInstnId/BICFI,CdtrAgt,:57a: absent; receiver BIC assumed,INFERRED
MSG074,CdtTrfTxInf/Cdtr/Nm,Cdtr,:59: line 1,DIRECT
MSG074,CdtTrfTxInf/Cdtr/PstlAdr/PstCd,Cdtr,:59:,PARSED
MSG074,CdtTrfTxInf/Cdtr/PstlAdr/TwnNm,Cdtr,:59:,PARSED
MSG074,CdtTrfTxInf/Cdtr/PstlAdr/Ctry,Cdtr,:59:,PARSED
MSG074,CdtTrfTxInf/Cdtr/PstlAdr/AdrLine,Cdtr,:59:,FREETEXT
MSG074,CdtTrfTxInf/CdtrAcct/Id/IBAN,CdtrAcct,:59: account line,DIRECT
MSG074,CdtTrfTxInf/InstrForNxtAgt/InstrInf,InstrForNxtAgt,:72:,FREETEXT
MSG074,CdtTrfTxInf/InstrForNxtAgt/InstrInf,InstrForNxtAgt,:72:,FREETEXT
MSG074,CdtTrfTxInf/RmtInf/Ustrd,RmtInf,:70:,FREETEXT
MSG074,CdtTrfTxInf/RmtInf/Strd/RfrdDocInf/Tp/CdOrPrtry/Cd,RmtInf,:70: /INV/,CODE
MSG074,CdtTrfTxInf/RmtInf/Strd/RfrdDocInf/Nb,RmtInf,:70: /INV/,CODE
MSG075,GrpHdr/MsgId,GrpHdr,:20:,DIRECT
MSG075,GrpHdr/CreDtTm,GrpHdr,conversion time,INFERRED
MSG075,GrpHdr/NbOfTxs,GrpHdr,structure,INFERRED
MSG075,GrpHdr/SttlmInf/SttlmMtd,GrpHdr,:53A:/:54A: presence,INFERRED
MSG075,GrpHdr/SttlmInf/InstgRmbrsmntAgt/FinInstnId/BICFI,GrpHdr,:53A:,DIRECT
MSG075,CdtTrfTxInf/PmtId/InstrId,PmtId,:20:,DIRECT
MSG075,CdtTrfTxInf/PmtId/EndToEndId,PmtId,no /ROC/ in :70:,INFERRED
MSG075,CdtTrfTxInf/PmtId/TxId,PmtId,:20:,DIRECT
MSG075,CdtTrfTxInf/PmtId/UETR,PmtId,{3:{121:}},DIRECT
MSG075,CdtTrfTxInf/IntrBkSttlmAmt,IntrBkSttlmAmt,:32A:,DIRECT
MSG075,CdtTrfTxInf/IntrBkSttlmDt,IntrBkSttlmDt,:32A:,DIRECT
MSG075,CdtTrfTxInf/ChrgBr,ChrgBr,:71A:,CODE
MSG075,CdtTrfTxInf/InstgAgt/FinInstnId/BICFI,InstgAgt,{1:} sender LT,DIRECT
MSG075,CdtTrfTxInf/InstdAgt/FinInstnId/BICFI,InstdAgt,{2:} receiver LT,DIRECT
MSG075,CdtTrfTxInf/Dbtr/Nm,Dbtr,:50K: line 1,DIRECT
MSG075,CdtTrfTxInf/Dbtr/PstlAdr/StrtNm,Dbtr,:50K:,PARSED
MSG075,CdtTrfTxInf/Dbtr/PstlAdr/BldgNb,Dbtr,:50K:,PARSED
MSG075,CdtTrfTxInf/Dbtr/PstlAdr/PstCd,Dbtr,:50K:,PARSED
MSG075,CdtTrfTxInf/Dbtr/PstlAdr/TwnNm,Dbtr,:50K:,PARSED
MSG075,CdtTrfTxInf/Dbtr/PstlAdr/Ctry,Dbtr,:50K:,PARSED
MSG075,CdtTrfTxInf/DbtrAcct/Id/IBAN,DbtrAcct,:50K: account line,DIRECT
MSG075,CdtTrfTxInf/DbtrAgt/FinInstnId/BICFI,DbtrAgt,:52A:,DIRECT
MSG075,CdtTrfTxInf/CdtrAgt/FinInstnId/BICFI,CdtrAgt,:57a: absent; receiver BIC assumed,INFERRED
MSG075,CdtTrfTxInf/Cdtr/Nm,Cdtr,:59: line 1,DIRECT
MSG075,CdtTrfTxInf/Cdtr/PstlAdr/PstCd,Cdtr,:59:,PARSED
MSG075,CdtTrfTxInf/Cdtr/PstlAdr/TwnNm,Cdtr,:59:,PARSED
MSG075,CdtTrfTxInf/Cdtr/PstlAdr/Ctry,Cdtr,:59:,PARSED
MSG075,CdtTrfTxInf/Cdtr/PstlAdr/AdrLine,Cdtr,:59:,FREETEXT
MSG075,CdtTrfTxInf/CdtrAcct/Id/IBAN,CdtrAcct,:59: account line,DIRECT
MSG075,CdtTrfTxInf/RmtInf/Ustrd,RmtInf,:70:,FREETEXT
MSG075,CdtTrfTxInf/RmtInf/Strd/RfrdDocInf/Tp/CdOrPrtry/Cd,RmtInf,:70: /INV/,CODE
MSG075,CdtTrfTxInf/RmtInf/Strd/RfrdDocInf/Nb,RmtInf,:70: /INV/,CODE
MSG076,GrpHdr/MsgId,GrpHdr,:20:,DIRECT
MSG076,GrpHdr/CreDtTm,GrpHdr,conversion time,INFERRED
MSG076,GrpHdr/NbOfTxs,GrpHdr,structure,INFERRED
MSG076,GrpHdr/SttlmInf/SttlmMtd,GrpHdr,:53A:/:54A: presence,INFERRED
MSG076,CdtTrfTxInf/PmtId/InstrId,PmtId,:20:,DIRECT
MSG076,CdtTrfTxInf/PmtId/EndToEndId,PmtId,no /ROC/ in :70:,INFERRED
MSG076,CdtTrfTxInf/PmtId/TxId,PmtId,:20:,DIRECT
MSG076,CdtTrfTxInf/PmtId/UETR,PmtId,{3:{121:}},DIRECT
MSG076,CdtTrfTxInf/PmtTpInf/SvcLvl/Prtry,PmtTpInf,:23B:,CODE
MSG076,CdtTrfTxInf/IntrBkSttlmAmt,IntrBkSttlmAmt,:32A:,DIRECT
MSG076,CdtTrfTxInf/IntrBkSttlmDt,IntrBkSttlmDt,:32A:,DIRECT
MSG076,CdtTrfTxInf/ChrgBr,ChrgBr,:71A:,CODE
MSG076,CdtTrfTxInf/ChrgsInf/Amt,ChrgsInf,:71F:,DIRECT
MSG076,CdtTrfTxInf/ChrgsInf/Agt/FinInstnId/BICFI,ChrgsInf,71F: agent not stated; header BIC assumed,INFERRED
MSG076,CdtTrfTxInf/InstgAgt/FinInstnId/BICFI,InstgAgt,{1:} sender LT,DIRECT
MSG076,CdtTrfTxInf/InstdAgt/FinInstnId/BICFI,InstdAgt,{2:} receiver LT,DIRECT
MSG076,CdtTrfTxInf/Dbtr/Nm,Dbtr,:50K: line 1,DIRECT
MSG076,CdtTrfTxInf/Dbtr/PstlAdr/TwnNm,Dbtr,:50K:,PARSED
MSG076,CdtTrfTxInf/Dbtr/PstlAdr/Ctry,Dbtr,:50K:,PARSED
MSG076,CdtTrfTxInf/Dbtr/PstlAdr/AdrLine,Dbtr,:50K:,FREETEXT
MSG076,CdtTrfTxInf/DbtrAcct/Id/IBAN,DbtrAcct,:50K: account line,DIRECT
MSG076,CdtTrfTxInf/DbtrAgt/FinInstnId/BICFI,DbtrAgt,:52A:,DIRECT
MSG076,CdtTrfTxInf/CdtrAgt/FinInstnId/BICFI,CdtrAgt,:57a: absent; receiver BIC assumed,INFERRED
MSG076,CdtTrfTxInf/Cdtr/Nm,Cdtr,:59: line 1,DIRECT
MSG076,CdtTrfTxInf/Cdtr/PstlAdr/StrtNm,Cdtr,:59:,PARSED
MSG076,CdtTrfTxInf/Cdtr/PstlAdr/BldgNb,Cdtr,:59:,PARSED
MSG076,CdtTrfTxInf/Cdtr/PstlAdr/PstCd,Cdtr,:59:,PARSED
MSG076,CdtTrfTxInf/Cdtr/PstlAdr/TwnNm,Cdtr,:59:,PARSED
MSG076,CdtTrfTxInf/Cdtr/PstlAdr/Ctry,Cdtr,:59:,PARSED
MSG076,CdtTrfTxInf/CdtrAcct/Id/Othr/Id,CdtrAcct,:59: account line,DIRECT
MSG076,CdtTrfTxInf/InstrForNxtAgt/InstrInf,InstrForNxtAgt,:72:,FREETEXT
MSG076,CdtTrfTxInf/InstrForNxtAgt/InstrInf,InstrForNxtAgt,:72:,FREETEXT
MSG076,CdtTrfTxInf/RmtInf/Ustrd,RmtInf,:70:,FREETEXT
MSG077,GrpHdr/MsgId,GrpHdr,:20:,DIRECT
MSG077,GrpHdr/CreDtTm,GrpHdr,conversion time,INFERRED
MSG077,GrpHdr/NbOfTxs,GrpHdr,structure,INFERRED
MSG077,GrpHdr/SttlmInf/SttlmMtd,GrpHdr,:53A:/:54A: presence,INFERRED
MSG077,CdtTrfTxInf/PmtId/InstrId,PmtId,:20:,DIRECT
MSG077,CdtTrfTxInf/PmtId/EndToEndId,PmtId,no /ROC/ in :70:,INFERRED
MSG077,CdtTrfTxInf/PmtId/TxId,PmtId,:20:,DIRECT
MSG077,CdtTrfTxInf/PmtId/UETR,PmtId,{3:{121:}},DIRECT
MSG077,CdtTrfTxInf/PmtTpInf/SvcLvl/Prtry,PmtTpInf,:23B:,CODE
MSG077,CdtTrfTxInf/IntrBkSttlmAmt,IntrBkSttlmAmt,:32A:,DIRECT
MSG077,CdtTrfTxInf/IntrBkSttlmDt,IntrBkSttlmDt,:32A:,DIRECT
MSG077,CdtTrfTxInf/ChrgBr,ChrgBr,:71A:,CODE
MSG077,CdtTrfTxInf/InstgAgt/FinInstnId/BICFI,InstgAgt,{1:} sender LT,DIRECT
MSG077,CdtTrfTxInf/InstdAgt/FinInstnId/BICFI,InstdAgt,{2:} receiver LT,DIRECT
MSG077,CdtTrfTxInf/Dbtr/Nm,Dbtr,:50K: line 1,DIRECT
MSG077,CdtTrfTxInf/Dbtr/PstlAdr/AdrLine,Dbtr,:50K:,FREETEXT
MSG077,CdtTrfTxInf/Dbtr/PstlAdr/AdrLine,Dbtr,:50K:,FREETEXT
MSG077,CdtTrfTxInf/DbtrAcct/Id/IBAN,DbtrAcct,:50K: account line,DIRECT
MSG077,CdtTrfTxInf/DbtrAgt/FinInstnId/BICFI,DbtrAgt,:52a: absent; sender BIC assumed,INFERRED
MSG077,CdtTrfTxInf/CdtrAgt/FinInstnId/BICFI,CdtrAgt,:57a: absent; receiver BIC assumed,INFERRED
MSG077,CdtTrfTxInf/Cdtr/Nm,Cdtr,:59: line 1,DIRECT
MSG077,CdtTrfTxInf/Cdtr/PstlAdr/TwnNm,Cdtr,:59:,PARSED
MSG077,CdtTrfTxInf/Cdtr/PstlAdr/Ctry,Cdtr,:59:,PARSED
MSG077,CdtTrfTxInf/Cdtr/PstlAdr/AdrLine,Cdtr,:59:,FREETEXT
MSG077,CdtTrfTxInf/CdtrAcct/Id/IBAN,CdtrAcct,:59: account line,DIRECT
MSG077,CdtTrfTxInf/RmtInf/Ustrd,RmtInf,:70:,FREETEXT
MSG078,GrpHdr/MsgId,GrpHdr,:20:,DIRECT
MSG078,GrpHdr/CreDtTm,GrpHdr,conversion time,INFERRED
MSG078,GrpHdr/NbOfTxs,GrpHdr,structure,INFERRED
MSG078,GrpHdr/SttlmInf/SttlmMtd,GrpHdr,:53A:/:54A: presence,INFERRED
MSG078,CdtTrfTxInf/PmtId/InstrId,PmtId,:20:,DIRECT
MSG078,CdtTrfTxInf/PmtId/EndToEndId,PmtId,no /ROC/ in :70:,INFERRED
MSG078,CdtTrfTxInf/PmtId/TxId,PmtId,:20:,DIRECT
MSG078,CdtTrfTxInf/PmtId/UETR,PmtId,{3:{121:}},DIRECT
MSG078,CdtTrfTxInf/IntrBkSttlmAmt,IntrBkSttlmAmt,:32A:,DIRECT
MSG078,CdtTrfTxInf/IntrBkSttlmDt,IntrBkSttlmDt,:32A:,DIRECT
MSG078,CdtTrfTxInf/ChrgBr,ChrgBr,:71A:,CODE
MSG078,CdtTrfTxInf/ChrgsInf/Amt,ChrgsInf,:71F:,DIRECT
MSG078,CdtTrfTxInf/ChrgsInf/Agt/FinInstnId/BICFI,ChrgsInf,71F: agent not stated; header BIC assumed,INFERRED
MSG078,CdtTrfTxInf/InstgAgt/FinInstnId/BICFI,InstgAgt,{1:} sender LT,DIRECT
MSG078,CdtTrfTxInf/InstdAgt/FinInstnId/BICFI,InstdAgt,{2:} receiver LT,DIRECT
MSG078,CdtTrfTxInf/Dbtr/Nm,Dbtr,:50K: line 1,DIRECT
MSG078,CdtTrfTxInf/Dbtr/PstlAdr/StrtNm,Dbtr,:50K:,PARSED
MSG078,CdtTrfTxInf/Dbtr/PstlAdr/BldgNb,Dbtr,:50K:,PARSED
MSG078,CdtTrfTxInf/Dbtr/PstlAdr/PstCd,Dbtr,:50K:,PARSED
MSG078,CdtTrfTxInf/Dbtr/PstlAdr/TwnNm,Dbtr,:50K:,PARSED
MSG078,CdtTrfTxInf/Dbtr/PstlAdr/CtrySubDvsn,Dbtr,:50K:,PARSED
MSG078,CdtTrfTxInf/Dbtr/PstlAdr/Ctry,Dbtr,:50K:,PARSED
MSG078,CdtTrfTxInf/DbtrAcct/Id/Othr/Id,DbtrAcct,:50K: account line,DIRECT
MSG078,CdtTrfTxInf/DbtrAgt/FinInstnId/BICFI,DbtrAgt,:52A:,DIRECT
MSG078,CdtTrfTxInf/CdtrAgt/FinInstnId/BICFI,CdtrAgt,:57A:,DIRECT
MSG078,CdtTrfTxInf/Cdtr/Nm,Cdtr,:59: line 1,DIRECT
MSG078,CdtTrfTxInf/Cdtr/PstlAdr/TwnNm,Cdtr,:59:,PARSED
MSG078,CdtTrfTxInf/Cdtr/PstlAdr/Ctry,Cdtr,:59:,PARSED
MSG078,CdtTrfTxInf/Cdtr/PstlAdr/AdrLine,Cdtr,:59:,FREETEXT
MSG078,CdtTrfTxInf/CdtrAcct/Id/IBAN,CdtrAcct,:59: account line,DIRECT
MSG078,CdtTrfTxInf/RmtInf/Ustrd,RmtInf,:70:,FREETEXT
MSG080,GrpHdr/MsgId,GrpHdr,:20:,DIRECT
MSG080,GrpHdr/CreDtTm,GrpHdr,conversion time,INFERRED
MSG080,GrpHdr/NbOfTxs,GrpHdr,structure,INFERRED
MSG080,GrpHdr/SttlmInf/SttlmMtd,GrpHdr,:53A:/:54A: presence,INFERRED
MSG080,CdtTrfTxInf/PmtId/InstrId,PmtId,:20:,DIRECT
MSG080,CdtTrfTxInf/PmtId/EndToEndId,PmtId,no /ROC/ in :70:,INFERRED
MSG080,CdtTrfTxInf/PmtId/TxId,PmtId,:20:,DIRECT
MSG080,CdtTrfTxInf/PmtId/UETR,PmtId,{3:{121:}},DIRECT
MSG080,CdtTrfTxInf/IntrBkSttlmAmt,IntrBkSttlmAmt,:32A:,DIRECT
MSG080,CdtTrfTxInf/IntrBkSttlmDt,IntrBkSttlmDt,:32A:,DIRECT
MSG080,CdtTrfTxInf/ChrgBr,ChrgBr,:71A:,CODE
MSG080,CdtTrfTxInf/InstgAgt/FinInstnId/BICFI,InstgAgt,{1:} sender LT,DIRECT
MSG080,CdtTrfTxInf/InstdAgt/FinInstnId/BICFI,InstdAgt,{2:} receiver LT,DIRECT
MSG080,CdtTrfTxInf/Dbtr/Nm,Dbtr,:50K: line 1,DIRECT
MSG080,CdtTrfTxInf/Dbtr/PstlAdr/TwnNm,Dbtr,:50K:,PARSED
MSG080,CdtTrfTxInf/Dbtr/PstlAdr/Ctry,Dbtr,:50K:,PARSED
MSG080,CdtTrfTxInf/Dbtr/PstlAdr/AdrLine,Dbtr,:50K:,FREETEXT
MSG080,CdtTrfTxInf/DbtrAcct/Id/IBAN,DbtrAcct,:50K: account line,DIRECT
MSG080,CdtTrfTxInf/DbtrAgt/FinInstnId/BICFI,DbtrAgt,:52a: absent; sender BIC assumed,INFERRED
MSG080,CdtTrfTxInf/CdtrAgt/FinInstnId/BICFI,CdtrAgt,:57a: absent; receiver BIC assumed,INFERRED
MSG080,CdtTrfTxInf/Cdtr/Nm,Cdtr,:59: line 1,DIRECT
MSG080,CdtTrfTxInf/Cdtr/PstlAdr/StrtNm,Cdtr,:59:,PARSED
MSG080,CdtTrfTxInf/Cdtr/PstlAdr/BldgNb,Cdtr,:59:,PARSED
MSG080,CdtTrfTxInf/Cdtr/PstlAdr/PstCd,Cdtr,:59:,PARSED
MSG080,CdtTrfTxInf/Cdtr/PstlAdr/TwnNm,Cdtr,:59:,PARSED
MSG080,CdtTrfTxInf/Cdtr/PstlAdr/Ctry,Cdtr,:59:,PARSED
MSG080,CdtTrfTxInf/CdtrAcct/Id/IBAN,CdtrAcct,:59: account line,DIRECT
MSG080,CdtTrfTxInf/RmtInf/Ustrd,RmtInf,:70:,FREETEXT
MSG080,CdtTrfTxInf/RmtInf/Strd/RfrdDocInf/Tp/CdOrPrtry/Cd,RmtInf,:70: /INV/,CODE
MSG080,CdtTrfTxInf/RmtInf/Strd/RfrdDocInf/Nb,RmtInf,:70: /INV/,CODE
MSG081,GrpHdr/MsgId,GrpHdr,:20:,DIRECT
MSG081,GrpHdr/CreDtTm,GrpHdr,conversion time,INFERRED
MSG081,GrpHdr/NbOfTxs,GrpHdr,structure,INFERRED
MSG081,GrpHdr/SttlmInf/SttlmMtd,GrpHdr,:53A:/:54A: presence,INFERRED
MSG081,CdtTrfTxInf/PmtId/InstrId,PmtId,:20:,DIRECT
MSG081,CdtTrfTxInf/PmtId/EndToEndId,PmtId,no /ROC/ in :70:,INFERRED
MSG081,CdtTrfTxInf/PmtId/TxId,PmtId,:20:,DIRECT
MSG081,CdtTrfTxInf/PmtId/UETR,PmtId,{3:{121:}},DIRECT
MSG081,CdtTrfTxInf/IntrBkSttlmAmt,IntrBkSttlmAmt,:32A:,DIRECT
MSG081,CdtTrfTxInf/IntrBkSttlmDt,IntrBkSttlmDt,:32A:,DIRECT
MSG081,CdtTrfTxInf/ChrgBr,ChrgBr,:71A:,CODE
MSG081,CdtTrfTxInf/InstgAgt/FinInstnId/BICFI,InstgAgt,{1:} sender LT,DIRECT
MSG081,CdtTrfTxInf/InstdAgt/FinInstnId/BICFI,InstdAgt,{2:} receiver LT,DIRECT
MSG081,CdtTrfTxInf/Dbtr/Nm,Dbtr,:50K: line 1,DIRECT
MSG081,CdtTrfTxInf/Dbtr/PstlAdr/StrtNm,Dbtr,:50K:,PARSED
MSG081,CdtTrfTxInf/Dbtr/PstlAdr/BldgNb,Dbtr,:50K:,PARSED
MSG081,CdtTrfTxInf/Dbtr/PstlAdr/PstCd,Dbtr,:50K:,PARSED
MSG081,CdtTrfTxInf/Dbtr/PstlAdr/TwnNm,Dbtr,:50K:,PARSED
MSG081,CdtTrfTxInf/Dbtr/PstlAdr/CtrySubDvsn,Dbtr,:50K:,PARSED
MSG081,CdtTrfTxInf/Dbtr/PstlAdr/Ctry,Dbtr,:50K:,PARSED
MSG081,CdtTrfTxInf/DbtrAcct/Id/Othr/Id,DbtrAcct,:50K: account line,DIRECT
MSG081,CdtTrfTxInf/DbtrAgt/FinInstnId/BICFI,DbtrAgt,:52A:,DIRECT
MSG081,CdtTrfTxInf/CdtrAgt/FinInstnId/BICFI,CdtrAgt,:57A:,DIRECT
MSG081,CdtTrfTxInf/Cdtr/Nm,Cdtr,:59: line 1,DIRECT
MSG081,CdtTrfTxInf/Cdtr/PstlAdr/TwnNm,Cdtr,:59:,PARSED
MSG081,CdtTrfTxInf/Cdtr/PstlAdr/Ctry,Cdtr,:59:,PARSED
MSG081,CdtTrfTxInf/Cdtr/PstlAdr/AdrLine,Cdtr,:59:,FREETEXT
MSG081,CdtTrfTxInf/CdtrAcct/Id/IBAN,CdtrAcct,:59: account line,DIRECT
MSG081,CdtTrfTxInf/RmtInf/Ustrd,RmtInf,:70:,FREETEXT
MSG081,CdtTrfTxInf/RmtInf/Strd/CdtrRefInf/Ref,RmtInf,:70: /RFB/,CODE
MSG082,GrpHdr/MsgId,GrpHdr,:20:,DIRECT
MSG082,GrpHdr/CreDtTm,GrpHdr,conversion time,INFERRED
MSG082,GrpHdr/NbOfTxs,GrpHdr,structure,INFERRED
MSG082,GrpHdr/SttlmInf/SttlmMtd,GrpHdr,:53A:/:54A: presence,INFERRED
MSG082,CdtTrfTxInf/PmtId/InstrId,PmtId,:20:,DIRECT
MSG082,CdtTrfTxInf/PmtId/EndToEndId,PmtId,:70: /ROC/,CODE
MSG082,CdtTrfTxInf/PmtId/TxId,PmtId,:20:,DIRECT
MSG082,CdtTrfTxInf/PmtId/UETR,PmtId,{3:{121:}},DIRECT
MSG082,CdtTrfTxInf/IntrBkSttlmAmt,IntrBkSttlmAmt,:32A:,DIRECT
MSG082,CdtTrfTxInf/IntrBkSttlmDt,IntrBkSttlmDt,:32A:,DIRECT
MSG082,CdtTrfTxInf/InstdAmt,InstdAmt,:33B:,DIRECT
MSG082,CdtTrfTxInf/XchgRate,XchgRate,:36:,DIRECT
MSG082,CdtTrfTxInf/ChrgBr,ChrgBr,:71A:,CODE
MSG082,CdtTrfTxInf/InstgAgt/FinInstnId/BICFI,InstgAgt,{1:} sender LT,DIRECT
MSG082,CdtTrfTxInf/InstdAgt/FinInstnId/BICFI,InstdAgt,{2:} receiver LT,DIRECT
MSG082,CdtTrfTxInf/IntrmyAgt1/FinInstnId/BICFI,IntrmyAgt1,:56A:,DIRECT
MSG082,CdtTrfTxInf/Dbtr/Nm,Dbtr,:50K: line 1,DIRECT
MSG082,CdtTrfTxInf/Dbtr/PstlAdr/TwnNm,Dbtr,:50K:,PARSED
MSG082,CdtTrfTxInf/Dbtr/PstlAdr/Ctry,Dbtr,:50K:,PARSED
MSG082,CdtTrfTxInf/Dbtr/PstlAdr/AdrLine,Dbtr,:50K:,FREETEXT
MSG082,CdtTrfTxInf/DbtrAcct/Id/IBAN,DbtrAcct,:50K: account line,DIRECT
MSG082,CdtTrfTxInf/DbtrAgt/FinInstnId/BICFI,DbtrAgt,:52A:,DIRECT
MSG082,CdtTrfTxInf/CdtrAgt/FinInstnId/BICFI,CdtrAgt,:57a: absent; receiver BIC assumed,INFERRED
MSG082,CdtTrfTxInf/Cdtr/Nm,Cdtr,:59: line 1,DIRECT
MSG082,CdtTrfTxInf/Cdtr/PstlAdr/StrtNm,Cdtr,:59:,PARSED
MSG082,CdtTrfTxInf/Cdtr/PstlAdr/BldgNb,Cdtr,:59:,PARSED
MSG082,CdtTrfTxInf/Cdtr/PstlAdr/PstCd,Cdtr,:59:,PARSED
MSG082,CdtTrfTxInf/Cdtr/PstlAdr/TwnNm,Cdtr,:59:,PARSED
MSG082,CdtTrfTxInf/Cdtr/PstlAdr/Ctry,Cdtr,:59:,PARSED
MSG082,CdtTrfTxInf/CdtrAcct/Id/IBAN,CdtrAcct,:59: account line,DIRECT
MSG082,CdtTrfTxInf/RgltryRptg/Dtls/Inf,RgltryRptg,:77B:,FREETEXT
MSG082,CdtTrfTxInf/RmtInf/Ustrd,RmtInf,:70:,FREETEXT
MSG082,CdtTrfTxInf/RmtInf/Strd/RfrdDocInf/Tp/CdOrPrtry/Cd,RmtInf,:70: /INV/,CODE
MSG082,CdtTrfTxInf/RmtInf/Strd/RfrdDocInf/Nb,RmtInf,:70: /INV/,CODE
MSG084,GrpHdr/MsgId,GrpHdr,:20:,DIRECT
MSG084,GrpHdr/CreDtTm,GrpHdr,conversion time,INFERRED
MSG084,GrpHdr/NbOfTxs,GrpHdr,structure,INFERRED
MSG084,GrpHdr/SttlmInf/SttlmMtd,GrpHdr,:53A:/:54A: presence,INFERRED
MSG084,CdtTrfTxInf/PmtId/InstrId,PmtId,:20:,DIRECT
MSG084,CdtTrfTxInf/PmtId/EndToEndId,PmtId,no /ROC/ in :70:,INFERRED
MSG084,CdtTrfTxInf/PmtId/TxId,PmtId,:20:,DIRECT
MSG084,CdtTrfTxInf/PmtId/UETR,PmtId,{3:{121:}},DIRECT
MSG084,CdtTrfTxInf/IntrBkSttlmAmt,IntrBkSttlmAmt,:32A:,DIRECT
MSG084,CdtTrfTxInf/IntrBkSttlmDt,IntrBkSttlmDt,:32A:,DIRECT
MSG084,CdtTrfTxInf/InstdAmt,InstdAmt,:33B:,DIRECT
MSG084,CdtTrfTxInf/XchgRate,XchgRate,:36:,DIRECT
MSG084,CdtTrfTxInf/ChrgBr,ChrgBr,:71A:,CODE
MSG084,CdtTrfTxInf/InstgAgt/FinInstnId/BICFI,InstgAgt,{1:} sender LT,DIRECT
MSG084,CdtTrfTxInf/InstdAgt/FinInstnId/BICFI,InstdAgt,{2:} receiver LT,DIRECT
MSG084,CdtTrfTxInf/Dbtr/Nm,Dbtr,:50K: line 1,DIRECT
MSG084,CdtTrfTxInf/Dbtr/PstlAdr/StrtNm,Dbtr,:50K:,PARSED
MSG084,CdtTrfTxInf/Dbtr/PstlAdr/BldgNb,Dbtr,:50K:,PARSED
MSG084,CdtTrfTxInf/Dbtr/PstlAdr/PstCd,Dbtr,:50K:,PARSED
MSG084,CdtTrfTxInf/Dbtr/PstlAdr/TwnNm,Dbtr,:50K:,PARSED
MSG084,CdtTrfTxInf/Dbtr/PstlAdr/CtrySubDvsn,Dbtr,:50K:,PARSED
MSG084,CdtTrfTxInf/Dbtr/PstlAdr/Ctry,Dbtr,:50K:,PARSED
MSG084,CdtTrfTxInf/DbtrAcct/Id/Othr/Id,DbtrAcct,:50K: account line,DIRECT
MSG084,CdtTrfTxInf/DbtrAgt/FinInstnId/BICFI,DbtrAgt,:52A:,DIRECT
MSG084,CdtTrfTxInf/CdtrAgt/FinInstnId/BICFI,CdtrAgt,:57a: absent; receiver BIC assumed,INFERRED
MSG084,CdtTrfTxInf/Cdtr/Nm,Cdtr,:59: line 1,DIRECT
MSG084,CdtTrfTxInf/Cdtr/PstlAdr/PstCd,Cdtr,:59:,PARSED
MSG084,CdtTrfTxInf/Cdtr/PstlAdr/TwnNm,Cdtr,:59:,PARSED
MSG084,CdtTrfTxInf/Cdtr/PstlAdr/Ctry,Cdtr,:59:,PARSED
MSG084,CdtTrfTxInf/Cdtr/PstlAdr/AdrLine,Cdtr,:59:,FREETEXT
MSG084,CdtTrfTxInf/CdtrAcct/Id/IBAN,CdtrAcct,:59: account line,DIRECT
MSG084,CdtTrfTxInf/RmtInf/Ustrd,RmtInf,:70:,FREETEXT
MSG085,GrpHdr/MsgId,GrpHdr,:20:,DIRECT
MSG085,GrpHdr/CreDtTm,GrpHdr,conversion time,INFERRED
MSG085,GrpHdr/NbOfTxs,GrpHdr,structure,INFERRED
MSG085,GrpHdr/SttlmInf/SttlmMtd,GrpHdr,:53A:/:54A: presence,INFERRED
MSG085,CdtTrfTxInf/PmtId/InstrId,PmtId,:20:,DIRECT
MSG085,CdtTrfTxInf/PmtId/EndToEndId,PmtId,:70: /ROC/,CODE
MSG085,CdtTrfTxInf/PmtId/TxId,PmtId,:20:,DIRECT
MSG085,CdtTrfTxInf/PmtId/UETR,PmtId,generated by translator,INFERRED
MSG085,CdtTrfTxInf/IntrBkSttlmAmt,IntrBkSttlmAmt,:32A:,DIRECT
MSG085,CdtTrfTxInf/IntrBkSttlmDt,IntrBkSttlmDt,:32A:,DIRECT
MSG085,CdtTrfTxInf/InstdAmt,InstdAmt,:33B:,DIRECT
MSG085,CdtTrfTxInf/XchgRate,XchgRate,:36:,DIRECT
MSG085,CdtTrfTxInf/ChrgBr,ChrgBr,:71A:,CODE
MSG085,CdtTrfTxInf/InstgAgt/FinInstnId/BICFI,InstgAgt,{1:} sender LT,DIRECT
MSG085,CdtTrfTxInf/InstdAgt/FinInstnId/BICFI,InstdAgt,{2:} receiver LT,DIRECT
MSG085,CdtTrfTxInf/Dbtr/Nm,Dbtr,:50K: line 1,DIRECT
MSG085,CdtTrfTxInf/Dbtr/PstlAdr/StrtNm,Dbtr,:50K:,PARSED
MSG085,CdtTrfTxInf/Dbtr/PstlAdr/BldgNb,Dbtr,:50K:,PARSED
MSG085,CdtTrfTxInf/Dbtr/PstlAdr/PstCd,Dbtr,:50K:,PARSED
MSG085,CdtTrfTxInf/Dbtr/PstlAdr/TwnNm,Dbtr,:50K:,PARSED
MSG085,CdtTrfTxInf/Dbtr/PstlAdr/CtrySubDvsn,Dbtr,:50K:,PARSED
MSG085,CdtTrfTxInf/Dbtr/PstlAdr/Ctry,Dbtr,:50K:,PARSED
MSG085,CdtTrfTxInf/DbtrAcct/Id/Othr/Id,DbtrAcct,:50K: account line,DIRECT
MSG085,CdtTrfTxInf/DbtrAgt/FinInstnId/BICFI,DbtrAgt,:52A:,DIRECT
MSG085,CdtTrfTxInf/CdtrAgt/FinInstnId/BICFI,CdtrAgt,:57A:,DIRECT
MSG085,CdtTrfTxInf/Cdtr/Nm,Cdtr,:59F: 1/,DIRECT
MSG085,CdtTrfTxInf/Cdtr/PstlAdr/StrtNm,Cdtr,":59F: 2/,3/",PARSED
MSG085,CdtTrfTxInf/Cdtr/PstlAdr/BldgNb,Cdtr,":59F: 2/,3/",PARSED
MSG085,CdtTrfTxInf/Cdtr/PstlAdr/TwnNm,Cdtr,":59F: 2/,3/",DIRECT
MSG085,CdtTrfTxInf/Cdtr/PstlAdr/Ctry,Cdtr,":59F: 2/,3/",DIRECT
MSG085,CdtTrfTxInf/CdtrAcct/Id/IBAN,CdtrAcct,:59F: account line,DIRECT
MSG085,CdtTrfTxInf/RmtInf/Ustrd,RmtInf,:70:,FREETEXT
MSG085,CdtTrfTxInf/RmtInf/Strd/RfrdDocInf/Tp/CdOrPrtry/Cd,RmtInf,:70: /INV/,CODE
MSG085,CdtTrfTxInf/RmtInf/Strd/RfrdDocInf/Nb,RmtInf,:70: /INV/,CODE
MSG086,GrpHdr/MsgId,GrpHdr,:20:,DIRECT
MSG086,GrpHdr/CreDtTm,GrpHdr,conversion time,INFERRED
MSG086,GrpHdr/NbOfTxs,GrpHdr,structure,INFERRED
MSG086,GrpHdr/SttlmInf/SttlmMtd,GrpHdr,:53A:/:54A: presence,INFERRED
MSG086,CdtTrfTxInf/PmtId/InstrId,PmtId,:20:,DIRECT
MSG086,CdtTrfTxInf/PmtId/EndToEndId,PmtId,no /ROC/ in :70:,INFERRED
MSG086,CdtTrfTxInf/PmtId/TxId,PmtId,:20:,DIRECT
MSG086,CdtTrfTxInf/PmtId/UETR,PmtId,{3:{121:}},DIRECT
MSG086,CdtTrfTxInf/PmtTpInf/SvcLvl/Prtry,PmtTpInf,:23B:,CODE
MSG086,CdtTrfTxInf/IntrBkSttlmAmt,IntrBkSttlmAmt,:32A:,DIRECT
MSG086,CdtTrfTxInf/IntrBkSttlmDt,IntrBkSttlmDt,:32A:,DIRECT
MSG086,CdtTrfTxInf/ChrgBr,ChrgBr,:71A:,CODE
MSG086,CdtTrfTxInf/ChrgsInf/Amt,ChrgsInf,:71G:,DIRECT
MSG086,CdtTrfTxInf/ChrgsInf/Agt/FinInstnId/BICFI,ChrgsInf,71G: agent not stated; header BIC assumed,INFERRED
MSG086,CdtTrfTxInf/InstgAgt/FinInstnId/BICFI,InstgAgt,{1:} sender LT,DIRECT
MSG086,CdtTrfTxInf/InstdAgt/FinInstnId/BICFI,InstdAgt,{2:} receiver LT,DIRECT
MSG086,CdtTrfTxInf/Dbtr/Nm,Dbtr,:50K: line 1,DIRECT
MSG086,CdtTrfTxInf/Dbtr/PstlAdr/StrtNm,Dbtr,:50K:,PARSED
MSG086,CdtTrfTxInf/Dbtr/PstlAdr/BldgNb,Dbtr,:50K:,PARSED
MSG086,CdtTrfTxInf/Dbtr/PstlAdr/PstCd,Dbtr,:50K:,PARSED
MSG086,CdtTrfTxInf/Dbtr/PstlAdr/TwnNm,Dbtr,:50K:,PARSED
MSG086,CdtTrfTxInf/Dbtr/PstlAdr/Ctry,Dbtr,:50K:,PARSED
MSG086,CdtTrfTxInf/DbtrAcct/Id/IBAN,DbtrAcct,:50K: account line,DIRECT
MSG086,CdtTrfTxInf/DbtrAgt/FinInstnId/BICFI,DbtrAgt,:52A:,DIRECT
MSG086,CdtTrfTxInf/CdtrAgt/FinInstnId/BICFI,CdtrAgt,:57A:,DIRECT
MSG086,CdtTrfTxInf/Cdtr/Nm,Cdtr,:59: line 1,DIRECT
MSG086,CdtTrfTxInf/Cdtr/PstlAdr/PstCd,Cdtr,:59:,PARSED
MSG086,CdtTrfTxInf/Cdtr/PstlAdr/TwnNm,Cdtr,:59:,PARSED
MSG086,CdtTrfTxInf/Cdtr/PstlAdr/Ctry,Cdtr,:59:,PARSED
MSG086,CdtTrfTxInf/Cdtr/PstlAdr/AdrLine,Cdtr,:59:,FREETEXT
MSG086,CdtTrfTxInf/CdtrAcct/Id/IBAN,CdtrAcct,:59: account line,DIRECT
MSG086,CdtTrfTxInf/RmtInf/Ustrd,RmtInf,:70:,FREETEXT
MSG087,GrpHdr/MsgId,GrpHdr,:20:,DIRECT
MSG087,GrpHdr/CreDtTm,GrpHdr,conversion time,INFERRED
MSG087,GrpHdr/NbOfTxs,GrpHdr,structure,INFERRED
MSG087,GrpHdr/SttlmInf/SttlmMtd,GrpHdr,:53A:/:54A: presence,INFERRED
MSG087,CdtTrfTxInf/PmtId/InstrId,PmtId,:20:,DIRECT
MSG087,CdtTrfTxInf/PmtId/EndToEndId,PmtId,no /ROC/ in :70:,INFERRED
MSG087,CdtTrfTxInf/PmtId/TxId,PmtId,:20:,DIRECT
MSG087,CdtTrfTxInf/PmtId/UETR,PmtId,generated by translator,INFERRED
MSG087,CdtTrfTxInf/IntrBkSttlmAmt,IntrBkSttlmAmt,:32A:,DIRECT
MSG087,CdtTrfTxInf/IntrBkSttlmDt,IntrBkSttlmDt,:32A:,DIRECT
MSG087,CdtTrfTxInf/ChrgBr,ChrgBr,:71A:,CODE
MSG087,CdtTrfTxInf/ChrgsInf/Amt,ChrgsInf,:71F:,DIRECT
MSG087,CdtTrfTxInf/ChrgsInf/Agt/FinInstnId/BICFI,ChrgsInf,71F: agent not stated; header BIC assumed,INFERRED
MSG087,CdtTrfTxInf/InstgAgt/FinInstnId/BICFI,InstgAgt,{1:} sender LT,DIRECT
MSG087,CdtTrfTxInf/InstdAgt/FinInstnId/BICFI,InstdAgt,{2:} receiver LT,DIRECT
MSG087,CdtTrfTxInf/Dbtr/Nm,Dbtr,:50K: line 1,DIRECT
MSG087,CdtTrfTxInf/Dbtr/PstlAdr/TwnNm,Dbtr,:50K:,PARSED
MSG087,CdtTrfTxInf/Dbtr/PstlAdr/Ctry,Dbtr,:50K:,PARSED
MSG087,CdtTrfTxInf/Dbtr/PstlAdr/AdrLine,Dbtr,:50K:,FREETEXT
MSG087,CdtTrfTxInf/DbtrAcct/Id/IBAN,DbtrAcct,:50K: account line,DIRECT
MSG087,CdtTrfTxInf/DbtrAgt/FinInstnId/BICFI,DbtrAgt,:52A:,DIRECT
MSG087,CdtTrfTxInf/CdtrAgt/FinInstnId/BICFI,CdtrAgt,:57a: absent; receiver BIC assumed,INFERRED
MSG087,CdtTrfTxInf/Cdtr/Nm,Cdtr,:59: line 1,DIRECT
MSG087,CdtTrfTxInf/Cdtr/PstlAdr/TwnNm,Cdtr,:59:,PARSED
MSG087,CdtTrfTxInf/Cdtr/PstlAdr/Ctry,Cdtr,:59:,PARSED
MSG087,CdtTrfTxInf/Cdtr/PstlAdr/AdrLine,Cdtr,:59:,FREETEXT
MSG087,CdtTrfTxInf/CdtrAcct/Id/IBAN,CdtrAcct,:59: account line,DIRECT
MSG087,CdtTrfTxInf/RmtInf/Ustrd,RmtInf,:70:,FREETEXT
MSG088,GrpHdr/MsgId,GrpHdr,:20:,DIRECT
MSG088,GrpHdr/CreDtTm,GrpHdr,conversion time,INFERRED
MSG088,GrpHdr/NbOfTxs,GrpHdr,structure,INFERRED
MSG088,GrpHdr/SttlmInf/SttlmMtd,GrpHdr,:53A:/:54A: presence,INFERRED
MSG088,CdtTrfTxInf/PmtId/InstrId,PmtId,:20:,DIRECT
MSG088,CdtTrfTxInf/PmtId/EndToEndId,PmtId,no /ROC/ in :70:,INFERRED
MSG088,CdtTrfTxInf/PmtId/TxId,PmtId,:20:,DIRECT
MSG088,CdtTrfTxInf/PmtId/UETR,PmtId,{3:{121:}},DIRECT
MSG088,CdtTrfTxInf/IntrBkSttlmAmt,IntrBkSttlmAmt,:32A:,DIRECT
MSG088,CdtTrfTxInf/IntrBkSttlmDt,IntrBkSttlmDt,:32A:,DIRECT
MSG088,CdtTrfTxInf/ChrgBr,ChrgBr,:71A:,CODE
MSG088,CdtTrfTxInf/InstgAgt/FinInstnId/BICFI,InstgAgt,{1:} sender LT,DIRECT
MSG088,CdtTrfTxInf/InstdAgt/FinInstnId/BICFI,InstdAgt,{2:} receiver LT,DIRECT
MSG088,CdtTrfTxInf/Dbtr/Nm,Dbtr,:50K: line 1,DIRECT
MSG088,CdtTrfTxInf/Dbtr/PstlAdr/AdrLine,Dbtr,:50K:,FREETEXT
MSG088,CdtTrfTxInf/Dbtr/PstlAdr/AdrLine,Dbtr,:50K:,FREETEXT
MSG088,CdtTrfTxInf/DbtrAcct/Id/IBAN,DbtrAcct,:50K: account line,DIRECT
MSG088,CdtTrfTxInf/DbtrAgt/FinInstnId/BICFI,DbtrAgt,:52a: absent; sender BIC assumed,INFERRED
MSG088,CdtTrfTxInf/CdtrAgt/FinInstnId/BICFI,CdtrAgt,:57a: absent; receiver BIC assumed,INFERRED
MSG088,CdtTrfTxInf/Cdtr/Nm,Cdtr,:59: line 1,DIRECT
MSG088,CdtTrfTxInf/Cdtr/PstlAdr/PstCd,Cdtr,:59:,PARSED
MSG088,CdtTrfTxInf/Cdtr/PstlAdr/TwnNm,Cdtr,:59:,PARSED
MSG088,CdtTrfTxInf/Cdtr/PstlAdr/Ctry,Cdtr,:59:,PARSED
MSG088,CdtTrfTxInf/Cdtr/PstlAdr/AdrLine,Cdtr,:59:,FREETEXT
MSG088,CdtTrfTxInf/CdtrAcct/Id/IBAN,CdtrAcct,:59: account line,DIRECT
MSG088,CdtTrfTxInf/RmtInf/Ustrd,RmtInf,:70:,FREETEXT
MSG088,CdtTrfTxInf/RmtInf/Strd/CdtrRefInf/Ref,RmtInf,:70: /RFB/,CODE
MSG089,GrpHdr/MsgId,GrpHdr,:20:,DIRECT
MSG089,GrpHdr/CreDtTm,GrpHdr,conversion time,INFERRED
MSG089,GrpHdr/NbOfTxs,GrpHdr,structure,INFERRED
MSG089,GrpHdr/SttlmInf/SttlmMtd,GrpHdr,:53A:/:54A: presence,INFERRED
MSG089,CdtTrfTxInf/PmtId/InstrId,PmtId,:20:,DIRECT
MSG089,CdtTrfTxInf/PmtId/EndToEndId,PmtId,no /ROC/ in :70:,INFERRED
MSG089,CdtTrfTxInf/PmtId/TxId,PmtId,:20:,DIRECT
MSG089,CdtTrfTxInf/PmtId/UETR,PmtId,{3:{121:}},DIRECT
MSG089,CdtTrfTxInf/IntrBkSttlmAmt,IntrBkSttlmAmt,:32A:,DIRECT
MSG089,CdtTrfTxInf/IntrBkSttlmDt,IntrBkSttlmDt,:32A:,DIRECT
MSG089,CdtTrfTxInf/ChrgBr,ChrgBr,:71A:,CODE
MSG089,CdtTrfTxInf/InstgAgt/FinInstnId/BICFI,InstgAgt,{1:} sender LT,DIRECT
MSG089,CdtTrfTxInf/InstdAgt/FinInstnId/BICFI,InstdAgt,{2:} receiver LT,DIRECT
MSG089,CdtTrfTxInf/Dbtr/Nm,Dbtr,:50K: line 1,DIRECT
MSG089,CdtTrfTxInf/Dbtr/PstlAdr/TwnNm,Dbtr,:50K:,PARSED
MSG089,CdtTrfTxInf/Dbtr/PstlAdr/Ctry,Dbtr,:50K:,PARSED
MSG089,CdtTrfTxInf/Dbtr/PstlAdr/AdrLine,Dbtr,:50K:,FREETEXT
MSG089,CdtTrfTxInf/DbtrAcct/Id/IBAN,DbtrAcct,:50K: account line,DIRECT
MSG089,CdtTrfTxInf/DbtrAgt/FinInstnId/BICFI,DbtrAgt,:52A:,DIRECT
MSG089,CdtTrfTxInf/CdtrAgt/FinInstnId/BICFI,CdtrAgt,:57a: absent; receiver BIC assumed,INFERRED
MSG089,CdtTrfTxInf/Cdtr/Nm,Cdtr,:59: line 1,DIRECT
MSG089,CdtTrfTxInf/Cdtr/PstlAdr/StrtNm,Cdtr,:59:,PARSED
MSG089,CdtTrfTxInf/Cdtr/PstlAdr/BldgNb,Cdtr,:59:,PARSED
MSG089,CdtTrfTxInf/Cdtr/PstlAdr/PstCd,Cdtr,:59:,PARSED
MSG089,CdtTrfTxInf/Cdtr/PstlAdr/TwnNm,Cdtr,:59:,PARSED
MSG089,CdtTrfTxInf/Cdtr/PstlAdr/Ctry,Cdtr,:59:,PARSED
MSG089,CdtTrfTxInf/CdtrAcct/Id/Othr/Id,CdtrAcct,:59: account line,DIRECT
MSG089,CdtTrfTxInf/RmtInf/Ustrd,RmtInf,:70:,FREETEXT
MSG089,CdtTrfTxInf/RmtInf/Strd/RfrdDocInf/Tp/CdOrPrtry/Cd,RmtInf,:70: /INV/,CODE
MSG089,CdtTrfTxInf/RmtInf/Strd/RfrdDocInf/Nb,RmtInf,:70: /INV/,CODE
MSG090,GrpHdr/MsgId,GrpHdr,:20:,DIRECT
MSG090,GrpHdr/CreDtTm,GrpHdr,conversion time,INFERRED
MSG090,GrpHdr/NbOfTxs,GrpHdr,structure,INFERRED
MSG090,GrpHdr/SttlmInf/SttlmMtd,GrpHdr,:53A:/:54A: presence,INFERRED
MSG090,CdtTrfTxInf/PmtId/InstrId,PmtId,:20:,DIRECT
MSG090,CdtTrfTxInf/PmtId/EndToEndId,PmtId,no /ROC/ in :70:,INFERRED
MSG090,CdtTrfTxInf/PmtId/TxId,PmtId,:20:,DIRECT
MSG090,CdtTrfTxInf/PmtId/UETR,PmtId,{3:{121:}},DIRECT
MSG090,CdtTrfTxInf/IntrBkSttlmAmt,IntrBkSttlmAmt,:32A:,DIRECT
MSG090,CdtTrfTxInf/IntrBkSttlmDt,IntrBkSttlmDt,:32A:,DIRECT
MSG090,CdtTrfTxInf/ChrgBr,ChrgBr,:71A:,CODE
MSG090,CdtTrfTxInf/InstgAgt/FinInstnId/BICFI,InstgAgt,{1:} sender LT,DIRECT
MSG090,CdtTrfTxInf/InstdAgt/FinInstnId/BICFI,InstdAgt,{2:} receiver LT,DIRECT
MSG090,CdtTrfTxInf/Dbtr/Nm,Dbtr,:50K: line 1,DIRECT
MSG090,CdtTrfTxInf/Dbtr/PstlAdr/StrtNm,Dbtr,:50K:,PARSED
MSG090,CdtTrfTxInf/Dbtr/PstlAdr/BldgNb,Dbtr,:50K:,PARSED
MSG090,CdtTrfTxInf/Dbtr/PstlAdr/PstCd,Dbtr,:50K:,PARSED
MSG090,CdtTrfTxInf/Dbtr/PstlAdr/TwnNm,Dbtr,:50K:,PARSED
MSG090,CdtTrfTxInf/Dbtr/PstlAdr/Ctry,Dbtr,:50K:,PARSED
MSG090,CdtTrfTxInf/DbtrAcct/Id/IBAN,DbtrAcct,:50K: account line,DIRECT
MSG090,CdtTrfTxInf/DbtrAgt/FinInstnId/BICFI,DbtrAgt,:52A:,DIRECT
MSG090,CdtTrfTxInf/CdtrAgt/FinInstnId/BICFI,CdtrAgt,:57a: absent; receiver BIC assumed,INFERRED
MSG090,CdtTrfTxInf/Cdtr/Nm,Cdtr,:59: line 1,DIRECT
MSG090,CdtTrfTxInf/Cdtr/PstlAdr/TwnNm,Cdtr,:59:,PARSED
MSG090,CdtTrfTxInf/Cdtr/PstlAdr/Ctry,Cdtr,:59:,PARSED
MSG090,CdtTrfTxInf/Cdtr/PstlAdr/AdrLine,Cdtr,:59:,FREETEXT
MSG090,CdtTrfTxInf/CdtrAcct/Id/IBAN,CdtrAcct,:59: account line,DIRECT
MSG090,CdtTrfTxInf/RmtInf/Ustrd,RmtInf,:70:,FREETEXT
MSG090,CdtTrfTxInf/RmtInf/Strd/RfrdDocInf/Tp/CdOrPrtry/Cd,RmtInf,:70: /INV/,CODE
MSG090,CdtTrfTxInf/RmtInf/Strd/RfrdDocInf/Nb,RmtInf,:70: /INV/,CODE
MSG091,GrpHdr/MsgId,GrpHdr,:20:,DIRECT
MSG091,GrpHdr/CreDtTm,GrpHdr,conversion time,INFERRED
MSG091,GrpHdr/NbOfTxs,GrpHdr,structure,INFERRED
MSG091,GrpHdr/SttlmInf/SttlmMtd,GrpHdr,:53A:/:54A: presence,INFERRED
MSG091,CdtTrfTxInf/PmtId/InstrId,PmtId,:20:,DIRECT
MSG091,CdtTrfTxInf/PmtId/EndToEndId,PmtId,no /ROC/ in :70:,INFERRED
MSG091,CdtTrfTxInf/PmtId/TxId,PmtId,:20:,DIRECT
MSG091,CdtTrfTxInf/PmtId/UETR,PmtId,{3:{121:}},DIRECT
MSG091,CdtTrfTxInf/IntrBkSttlmAmt,IntrBkSttlmAmt,:32A:,DIRECT
MSG091,CdtTrfTxInf/IntrBkSttlmDt,IntrBkSttlmDt,:32A:,DIRECT
MSG091,CdtTrfTxInf/ChrgBr,ChrgBr,:71A:,CODE
MSG091,CdtTrfTxInf/ChrgsInf/Amt,ChrgsInf,:71F:,DIRECT
MSG091,CdtTrfTxInf/ChrgsInf/Agt/FinInstnId/BICFI,ChrgsInf,71F: agent not stated; header BIC assumed,INFERRED
MSG091,CdtTrfTxInf/InstgAgt/FinInstnId/BICFI,InstgAgt,{1:} sender LT,DIRECT
MSG091,CdtTrfTxInf/InstdAgt/FinInstnId/BICFI,InstdAgt,{2:} receiver LT,DIRECT
MSG091,CdtTrfTxInf/Dbtr/Nm,Dbtr,:50K: line 1,DIRECT
MSG091,CdtTrfTxInf/Dbtr/PstlAdr/StrtNm,Dbtr,:50K:,PARSED
MSG091,CdtTrfTxInf/Dbtr/PstlAdr/BldgNb,Dbtr,:50K:,PARSED
MSG091,CdtTrfTxInf/Dbtr/PstlAdr/TwnNm,Dbtr,:50K:,PARSED
MSG091,CdtTrfTxInf/Dbtr/PstlAdr/Ctry,Dbtr,:50K:,PARSED
MSG091,CdtTrfTxInf/DbtrAcct/Id/IBAN,DbtrAcct,:50K: account line,DIRECT
MSG091,CdtTrfTxInf/DbtrAgt/FinInstnId/BICFI,DbtrAgt,:52a: absent; sender BIC assumed,INFERRED
MSG091,CdtTrfTxInf/CdtrAgt/FinInstnId/BICFI,CdtrAgt,:57a: absent; receiver BIC assumed,INFERRED
MSG091,CdtTrfTxInf/Cdtr/Nm,Cdtr,:59: line 1,DIRECT
MSG091,CdtTrfTxInf/Cdtr/PstlAdr/StrtNm,Cdtr,:59:,PARSED
MSG091,CdtTrfTxInf/Cdtr/PstlAdr/BldgNb,Cdtr,:59:,PARSED
MSG091,CdtTrfTxInf/Cdtr/PstlAdr/AdrLine,Cdtr,:59:,FREETEXT
MSG091,CdtTrfTxInf/CdtrAcct/Id/IBAN,CdtrAcct,:59: account line,DIRECT
MSG091,CdtTrfTxInf/InstrForNxtAgt/InstrInf,InstrForNxtAgt,:72:,FREETEXT
MSG091,CdtTrfTxInf/InstrForNxtAgt/InstrInf,InstrForNxtAgt,:72:,FREETEXT
MSG091,CdtTrfTxInf/RmtInf/Ustrd,RmtInf,:70:,FREETEXT
MSG091,CdtTrfTxInf/RmtInf/Strd/RfrdDocInf/Tp/CdOrPrtry/Cd,RmtInf,:70: /INV/,CODE
MSG091,CdtTrfTxInf/RmtInf/Strd/RfrdDocInf/Nb,RmtInf,:70: /INV/,CODE
MSG092,GrpHdr/MsgId,GrpHdr,:20:,DIRECT
MSG092,GrpHdr/CreDtTm,GrpHdr,conversion time,INFERRED
MSG092,GrpHdr/NbOfTxs,GrpHdr,structure,INFERRED
MSG092,GrpHdr/SttlmInf/SttlmMtd,GrpHdr,:53A:/:54A: presence,INFERRED
MSG092,CdtTrfTxInf/PmtId/InstrId,PmtId,:20:,DIRECT
MSG092,CdtTrfTxInf/PmtId/EndToEndId,PmtId,no /ROC/ in :70:,INFERRED
MSG092,CdtTrfTxInf/PmtId/TxId,PmtId,:20:,DIRECT
MSG092,CdtTrfTxInf/PmtId/UETR,PmtId,generated by translator,INFERRED
MSG092,CdtTrfTxInf/IntrBkSttlmAmt,IntrBkSttlmAmt,:32A:,DIRECT
MSG092,CdtTrfTxInf/IntrBkSttlmDt,IntrBkSttlmDt,:32A:,DIRECT
MSG092,CdtTrfTxInf/ChrgBr,ChrgBr,:71A:,CODE
MSG092,CdtTrfTxInf/InstgAgt/FinInstnId/BICFI,InstgAgt,{1:} sender LT,DIRECT
MSG092,CdtTrfTxInf/InstdAgt/FinInstnId/BICFI,InstdAgt,{2:} receiver LT,DIRECT
MSG092,CdtTrfTxInf/Dbtr/Nm,Dbtr,:50K: line 1,DIRECT
MSG092,CdtTrfTxInf/Dbtr/PstlAdr/TwnNm,Dbtr,:50K:,PARSED
MSG092,CdtTrfTxInf/Dbtr/PstlAdr/Ctry,Dbtr,:50K:,PARSED
MSG092,CdtTrfTxInf/Dbtr/PstlAdr/AdrLine,Dbtr,:50K:,FREETEXT
MSG092,CdtTrfTxInf/DbtrAcct/Id/IBAN,DbtrAcct,:50K: account line,DIRECT
MSG092,CdtTrfTxInf/DbtrAgt/FinInstnId/BICFI,DbtrAgt,:52A:,DIRECT
MSG092,CdtTrfTxInf/CdtrAgt/FinInstnId/BICFI,CdtrAgt,:57a: absent; receiver BIC assumed,INFERRED
MSG092,CdtTrfTxInf/Cdtr/Nm,Cdtr,:59: line 1,DIRECT
MSG092,CdtTrfTxInf/Cdtr/PstlAdr/StrtNm,Cdtr,:59:,PARSED
MSG092,CdtTrfTxInf/Cdtr/PstlAdr/BldgNb,Cdtr,:59:,PARSED
MSG092,CdtTrfTxInf/Cdtr/PstlAdr/TwnNm,Cdtr,:59:,PARSED
MSG092,CdtTrfTxInf/Cdtr/PstlAdr/Ctry,Cdtr,:59:,PARSED
MSG092,CdtTrfTxInf/CdtrAcct/Id/IBAN,CdtrAcct,:59: account line,DIRECT
MSG092,CdtTrfTxInf/RmtInf/Ustrd,RmtInf,:70:,FREETEXT
MSG093,GrpHdr/MsgId,GrpHdr,:20:,DIRECT
MSG093,GrpHdr/CreDtTm,GrpHdr,conversion time,INFERRED
MSG093,GrpHdr/NbOfTxs,GrpHdr,structure,INFERRED
MSG093,GrpHdr/SttlmInf/SttlmMtd,GrpHdr,:53A:/:54A: presence,INFERRED
MSG093,CdtTrfTxInf/PmtId/InstrId,PmtId,:20:,DIRECT
MSG093,CdtTrfTxInf/PmtId/EndToEndId,PmtId,no /ROC/ in :70:,INFERRED
MSG093,CdtTrfTxInf/PmtId/TxId,PmtId,:20:,DIRECT
MSG093,CdtTrfTxInf/PmtId/UETR,PmtId,{3:{121:}},DIRECT
MSG093,CdtTrfTxInf/IntrBkSttlmAmt,IntrBkSttlmAmt,:32A:,DIRECT
MSG093,CdtTrfTxInf/IntrBkSttlmDt,IntrBkSttlmDt,:32A:,DIRECT
MSG093,CdtTrfTxInf/ChrgBr,ChrgBr,:71A:,CODE
MSG093,CdtTrfTxInf/ChrgsInf/Amt,ChrgsInf,:71F:,DIRECT
MSG093,CdtTrfTxInf/ChrgsInf/Agt/FinInstnId/BICFI,ChrgsInf,71F: agent not stated; header BIC assumed,INFERRED
MSG093,CdtTrfTxInf/InstgAgt/FinInstnId/BICFI,InstgAgt,{1:} sender LT,DIRECT
MSG093,CdtTrfTxInf/InstdAgt/FinInstnId/BICFI,InstdAgt,{2:} receiver LT,DIRECT
MSG093,CdtTrfTxInf/Dbtr/Nm,Dbtr,:50F: 1/,DIRECT
MSG093,CdtTrfTxInf/Dbtr/PstlAdr/TwnNm,Dbtr,":50F: 2/,3/",DIRECT
MSG093,CdtTrfTxInf/Dbtr/PstlAdr/Ctry,Dbtr,":50F: 2/,3/",DIRECT
MSG093,CdtTrfTxInf/Dbtr/PstlAdr/AdrLine,Dbtr,":50F: 2/,3/",FREETEXT
MSG093,CdtTrfTxInf/DbtrAcct/Id/IBAN,DbtrAcct,:50F: account line,DIRECT
MSG093,CdtTrfTxInf/DbtrAgt/FinInstnId/BICFI,DbtrAgt,:52a: absent; sender BIC assumed,INFERRED
MSG093,CdtTrfTxInf/CdtrAgt/FinInstnId/BICFI,CdtrAgt,:57a: absent; receiver BIC assumed,INFERRED
MSG093,CdtTrfTxInf/Cdtr/Nm,Cdtr,:59: line 1,DIRECT
MSG093,CdtTrfTxInf/Cdtr/PstlAdr/StrtNm,Cdtr,:59:,PARSED
MSG093,CdtTrfTxInf/Cdtr/PstlAdr/BldgNb,Cdtr,:59:,PARSED
MSG093,CdtTrfTxInf/Cdtr/PstlAdr/TwnNm,Cdtr,:59:,PARSED
MSG093,CdtTrfTxInf/Cdtr/PstlAdr/Ctry,Cdtr,:59:,PARSED
MSG093,CdtTrfTxInf/CdtrAcct/Id/IBAN,CdtrAcct,:59: account line,DIRECT
MSG093,CdtTrfTxInf/RmtInf/Ustrd,RmtInf,:70:,FREETEXT
MSG094,GrpHdr/MsgId,GrpHdr,:20:,DIRECT
MSG094,GrpHdr/CreDtTm,GrpHdr,conversion time,INFERRED
MSG094,GrpHdr/NbOfTxs,GrpHdr,structure,INFERRED
MSG094,GrpHdr/SttlmInf/SttlmMtd,GrpHdr,:53A:/:54A: presence,INFERRED
MSG094,CdtTrfTxInf/PmtId/InstrId,PmtId,:20:,DIRECT
MSG094,CdtTrfTxInf/PmtId/EndToEndId,PmtId,no /ROC/ in :70:,INFERRED
MSG094,CdtTrfTxInf/PmtId/TxId,PmtId,:20:,DIRECT
MSG094,CdtTrfTxInf/PmtId/UETR,PmtId,{3:{121:}},DIRECT
MSG094,CdtTrfTxInf/IntrBkSttlmAmt,IntrBkSttlmAmt,:32A:,DIRECT
MSG094,CdtTrfTxInf/IntrBkSttlmDt,IntrBkSttlmDt,:32A:,DIRECT
MSG094,CdtTrfTxInf/ChrgBr,ChrgBr,:71A:,CODE
MSG094,CdtTrfTxInf/InstgAgt/FinInstnId/BICFI,InstgAgt,{1:} sender LT,DIRECT
MSG094,CdtTrfTxInf/InstdAgt/FinInstnId/BICFI,InstdAgt,{2:} receiver LT,DIRECT
MSG094,CdtTrfTxInf/Dbtr/Nm,Dbtr,:50K: line 1,DIRECT
MSG094,CdtTrfTxInf/Dbtr/PstlAdr/StrtNm,Dbtr,:50K:,PARSED
MSG094,CdtTrfTxInf/Dbtr/PstlAdr/BldgNb,Dbtr,:50K:,PARSED
MSG094,CdtTrfTxInf/Dbtr/PstlAdr/PstCd,Dbtr,:50K:,PARSED
MSG094,CdtTrfTxInf/Dbtr/PstlAdr/TwnNm,Dbtr,:50K:,PARSED
MSG094,CdtTrfTxInf/Dbtr/PstlAdr/CtrySubDvsn,Dbtr,:50K:,PARSED
MSG094,CdtTrfTxInf/Dbtr/PstlAdr/Ctry,Dbtr,:50K:,PARSED
MSG094,CdtTrfTxInf/DbtrAcct/Id/Othr/Id,DbtrAcct,:50K: account line,DIRECT
MSG094,CdtTrfTxInf/DbtrAgt/FinInstnId/BICFI,DbtrAgt,:52a: absent; sender BIC assumed,INFERRED
MSG094,CdtTrfTxInf/CdtrAgt/FinInstnId/BICFI,CdtrAgt,:57a: absent; receiver BIC assumed,INFERRED
MSG094,CdtTrfTxInf/Cdtr/Nm,Cdtr,:59: line 1,DIRECT
MSG094,CdtTrfTxInf/Cdtr/PstlAdr/TwnNm,Cdtr,:59:,PARSED
MSG094,CdtTrfTxInf/Cdtr/PstlAdr/Ctry,Cdtr,:59:,PARSED
MSG094,CdtTrfTxInf/Cdtr/PstlAdr/AdrLine,Cdtr,:59:,FREETEXT
MSG094,CdtTrfTxInf/CdtrAcct/Id/IBAN,CdtrAcct,:59: account line,DIRECT
MSG094,CdtTrfTxInf/RgltryRptg/Dtls/Inf,RgltryRptg,:77B:,FREETEXT
MSG094,CdtTrfTxInf/RmtInf/Ustrd,RmtInf,:70:,FREETEXT
MSG095,GrpHdr/MsgId,GrpHdr,:20:,DIRECT
MSG095,GrpHdr/CreDtTm,GrpHdr,conversion time,INFERRED
MSG095,GrpHdr/NbOfTxs,GrpHdr,structure,INFERRED
MSG095,GrpHdr/SttlmInf/SttlmMtd,GrpHdr,:53A:/:54A: presence,INFERRED
MSG095,CdtTrfTxInf/PmtId/InstrId,PmtId,:20:,DIRECT
MSG095,CdtTrfTxInf/PmtId/EndToEndId,PmtId,no /ROC/ in :70:,INFERRED
MSG095,CdtTrfTxInf/PmtId/TxId,PmtId,:20:,DIRECT
MSG095,CdtTrfTxInf/PmtId/UETR,PmtId,{3:{121:}},DIRECT
MSG095,CdtTrfTxInf/IntrBkSttlmAmt,IntrBkSttlmAmt,:32A:,DIRECT
MSG095,CdtTrfTxInf/IntrBkSttlmDt,IntrBkSttlmDt,:32A:,DIRECT
MSG095,CdtTrfTxInf/ChrgBr,ChrgBr,:71A:,CODE
MSG095,CdtTrfTxInf/InstgAgt/FinInstnId/BICFI,InstgAgt,{1:} sender LT,DIRECT
MSG095,CdtTrfTxInf/InstdAgt/FinInstnId/BICFI,InstdAgt,{2:} receiver LT,DIRECT
MSG095,CdtTrfTxInf/Dbtr/Nm,Dbtr,:50K: line 1,DIRECT
MSG095,CdtTrfTxInf/Dbtr/PstlAdr/PstCd,Dbtr,:50K:,PARSED
MSG095,CdtTrfTxInf/Dbtr/PstlAdr/TwnNm,Dbtr,:50K:,PARSED
MSG095,CdtTrfTxInf/Dbtr/PstlAdr/Ctry,Dbtr,:50K:,PARSED
MSG095,CdtTrfTxInf/Dbtr/PstlAdr/AdrLine,Dbtr,:50K:,FREETEXT
MSG095,CdtTrfTxInf/DbtrAcct/Id/Othr/Id,DbtrAcct,:50K: account line,DIRECT
MSG095,CdtTrfTxInf/DbtrAgt/FinInstnId/BICFI,DbtrAgt,:52a: absent; sender BIC assumed,INFERRED
MSG095,CdtTrfTxInf/CdtrAgt/FinInstnId/BICFI,CdtrAgt,:57a: absent; receiver BIC assumed,INFERRED
MSG095,CdtTrfTxInf/Cdtr/Nm,Cdtr,:59: line 1,DIRECT
MSG095,CdtTrfTxInf/Cdtr/PstlAdr/TwnNm,Cdtr,:59:,PARSED
MSG095,CdtTrfTxInf/Cdtr/PstlAdr/Ctry,Cdtr,:59:,PARSED
MSG095,CdtTrfTxInf/Cdtr/PstlAdr/AdrLine,Cdtr,:59:,FREETEXT
MSG095,CdtTrfTxInf/CdtrAcct/Id/IBAN,CdtrAcct,:59: account line,DIRECT
MSG095,CdtTrfTxInf/RgltryRptg/Dtls/Inf,RgltryRptg,:77B:,FREETEXT
MSG095,CdtTrfTxInf/RmtInf/Ustrd,RmtInf,:70:,FREETEXT
MSG095,CdtTrfTxInf/RmtInf/Strd/RfrdDocInf/Tp/CdOrPrtry/Cd,RmtInf,:70: /INV/,CODE
MSG095,CdtTrfTxInf/RmtInf/Strd/RfrdDocInf/Nb,RmtInf,:70: /INV/,CODE
MSG096,GrpHdr/MsgId,GrpHdr,:20:,DIRECT
MSG096,GrpHdr/CreDtTm,GrpHdr,conversion time,INFERRED
MSG096,GrpHdr/NbOfTxs,GrpHdr,structure,INFERRED
MSG096,GrpHdr/SttlmInf/SttlmMtd,GrpHdr,:53A:/:54A: presence,INFERRED
MSG096,CdtTrfTxInf/PmtId/InstrId,PmtId,:20:,DIRECT
MSG096,CdtTrfTxInf/PmtId/EndToEndId,PmtId,no /ROC/ in :70:,INFERRED
MSG096,CdtTrfTxInf/PmtId/TxId,PmtId,:20:,DIRECT
MSG096,CdtTrfTxInf/PmtId/UETR,PmtId,{3:{121:}},DIRECT
MSG096,CdtTrfTxInf/PmtTpInf/SvcLvl/Prtry,PmtTpInf,:23B:,CODE
MSG096,CdtTrfTxInf/IntrBkSttlmAmt,IntrBkSttlmAmt,:32A:,DIRECT
MSG096,CdtTrfTxInf/IntrBkSttlmDt,IntrBkSttlmDt,:32A:,DIRECT
MSG096,CdtTrfTxInf/ChrgBr,ChrgBr,:71A:,CODE
MSG096,CdtTrfTxInf/InstgAgt/FinInstnId/BICFI,InstgAgt,{1:} sender LT,DIRECT
MSG096,CdtTrfTxInf/InstdAgt/FinInstnId/BICFI,InstdAgt,{2:} receiver LT,DIRECT
MSG096,CdtTrfTxInf/Dbtr/Nm,Dbtr,:50K: line 1,DIRECT
MSG096,CdtTrfTxInf/Dbtr/PstlAdr/StrtNm,Dbtr,:50K:,PARSED
MSG096,CdtTrfTxInf/Dbtr/PstlAdr/BldgNb,Dbtr,:50K:,PARSED
MSG096,CdtTrfTxInf/Dbtr/PstlAdr/PstCd,Dbtr,:50K:,PARSED
MSG096,CdtTrfTxInf/Dbtr/PstlAdr/TwnNm,Dbtr,:50K:,PARSED
MSG096,CdtTrfTxInf/Dbtr/PstlAdr/Ctry,Dbtr,:50K:,PARSED
MSG096,CdtTrfTxInf/DbtrAcct/Id/IBAN,DbtrAcct,:50K: account line,DIRECT
MSG096,CdtTrfTxInf/DbtrAgt/FinInstnId/BICFI,DbtrAgt,:52A:,DIRECT
MSG096,CdtTrfTxInf/CdtrAgt/FinInstnId/BICFI,CdtrAgt,:57a: absent; receiver BIC assumed,INFERRED
MSG096,CdtTrfTxInf/Cdtr/Nm,Cdtr,:59: line 1,DIRECT
MSG096,CdtTrfTxInf/Cdtr/PstlAdr/TwnNm,Cdtr,:59:,PARSED
MSG096,CdtTrfTxInf/Cdtr/PstlAdr/Ctry,Cdtr,:59:,PARSED
MSG096,CdtTrfTxInf/Cdtr/PstlAdr/AdrLine,Cdtr,:59:,FREETEXT
MSG096,CdtTrfTxInf/CdtrAcct/Id/IBAN,CdtrAcct,:59: account line,DIRECT
MSG096,CdtTrfTxInf/InstrForNxtAgt/InstrInf,InstrForNxtAgt,:72:,FREETEXT
MSG096,CdtTrfTxInf/InstrForNxtAgt/InstrInf,InstrForNxtAgt,:72:,FREETEXT
MSG096,CdtTrfTxInf/RmtInf/Ustrd,RmtInf,:70:,FREETEXT
MSG097,GrpHdr/MsgId,GrpHdr,:20:,DIRECT
MSG097,GrpHdr/CreDtTm,GrpHdr,conversion time,INFERRED
MSG097,GrpHdr/NbOfTxs,GrpHdr,structure,INFERRED
MSG097,GrpHdr/SttlmInf/SttlmMtd,GrpHdr,:53A:/:54A: presence,INFERRED
MSG097,CdtTrfTxInf/PmtId/InstrId,PmtId,:20:,DIRECT
MSG097,CdtTrfTxInf/PmtId/EndToEndId,PmtId,no /ROC/ in :70:,INFERRED
MSG097,CdtTrfTxInf/PmtId/TxId,PmtId,:20:,DIRECT
MSG097,CdtTrfTxInf/PmtId/UETR,PmtId,{3:{121:}},DIRECT
MSG097,CdtTrfTxInf/PmtTpInf/SvcLvl/Prtry,PmtTpInf,:23B:,CODE
MSG097,CdtTrfTxInf/IntrBkSttlmAmt,IntrBkSttlmAmt,:32A:,DIRECT
MSG097,CdtTrfTxInf/IntrBkSttlmDt,IntrBkSttlmDt,:32A:,DIRECT
MSG097,CdtTrfTxInf/InstdAmt,InstdAmt,:33B:,DIRECT
MSG097,CdtTrfTxInf/XchgRate,XchgRate,:36:,DIRECT
MSG097,CdtTrfTxInf/ChrgBr,ChrgBr,:71A:,CODE
MSG097,CdtTrfTxInf/InstgAgt/FinInstnId/BICFI,InstgAgt,{1:} sender LT,DIRECT
MSG097,CdtTrfTxInf/InstdAgt/FinInstnId/BICFI,InstdAgt,{2:} receiver LT,DIRECT
MSG097,CdtTrfTxInf/IntrmyAgt1/FinInstnId/BICFI,IntrmyAgt1,:56A:,DIRECT
MSG097,CdtTrfTxInf/Dbtr/Nm,Dbtr,:50K: line 1,DIRECT
MSG097,CdtTrfTxInf/Dbtr/PstlAdr/PstCd,Dbtr,:50K:,PARSED
MSG097,CdtTrfTxInf/Dbtr/PstlAdr/TwnNm,Dbtr,:50K:,PARSED
MSG097,CdtTrfTxInf/Dbtr/PstlAdr/Ctry,Dbtr,:50K:,PARSED
MSG097,CdtTrfTxInf/Dbtr/PstlAdr/AdrLine,Dbtr,:50K:,FREETEXT
MSG097,CdtTrfTxInf/DbtrAcct/Id/IBAN,DbtrAcct,:50K: account line,DIRECT
MSG097,CdtTrfTxInf/DbtrAgt/FinInstnId/BICFI,DbtrAgt,:52a: absent; sender BIC assumed,INFERRED
MSG097,CdtTrfTxInf/CdtrAgt/FinInstnId/BICFI,CdtrAgt,:57a: absent; receiver BIC assumed,INFERRED
MSG097,CdtTrfTxInf/Cdtr/Nm,Cdtr,:59: line 1,DIRECT
MSG097,CdtTrfTxInf/Cdtr/PstlAdr/TwnNm,Cdtr,:59:,PARSED
MSG097,CdtTrfTxInf/Cdtr/PstlAdr/Ctry,Cdtr,:59:,PARSED
MSG097,CdtTrfTxInf/Cdtr/PstlAdr/AdrLine,Cdtr,:59:,FREETEXT
MSG097,CdtTrfTxInf/CdtrAcct/Id/IBAN,CdtrAcct,:59: account line,DIRECT
MSG097,CdtTrfTxInf/RmtInf/Ustrd,RmtInf,:70:,FREETEXT
MSG097,CdtTrfTxInf/RmtInf/Strd/RfrdDocInf/Tp/CdOrPrtry/Cd,RmtInf,:70: /INV/,CODE
MSG097,CdtTrfTxInf/RmtInf/Strd/RfrdDocInf/Nb,RmtInf,:70: /INV/,CODE
MSG098,GrpHdr/MsgId,GrpHdr,:20:,DIRECT
MSG098,GrpHdr/CreDtTm,GrpHdr,conversion time,INFERRED
MSG098,GrpHdr/NbOfTxs,GrpHdr,structure,INFERRED
MSG098,GrpHdr/SttlmInf/SttlmMtd,GrpHdr,:53A:/:54A: presence,INFERRED
MSG098,CdtTrfTxInf/PmtId/InstrId,PmtId,:20:,DIRECT
MSG098,CdtTrfTxInf/PmtId/EndToEndId,PmtId,no /ROC/ in :70:,INFERRED
MSG098,CdtTrfTxInf/PmtId/TxId,PmtId,:20:,DIRECT
MSG098,CdtTrfTxInf/PmtId/UETR,PmtId,{3:{121:}},DIRECT
MSG098,CdtTrfTxInf/IntrBkSttlmAmt,IntrBkSttlmAmt,:32A:,DIRECT
MSG098,CdtTrfTxInf/IntrBkSttlmDt,IntrBkSttlmDt,:32A:,DIRECT
MSG098,CdtTrfTxInf/ChrgBr,ChrgBr,:71A:,CODE
MSG098,CdtTrfTxInf/InstgAgt/FinInstnId/BICFI,InstgAgt,{1:} sender LT,DIRECT
MSG098,CdtTrfTxInf/InstdAgt/FinInstnId/BICFI,InstdAgt,{2:} receiver LT,DIRECT
MSG098,CdtTrfTxInf/Dbtr/Nm,Dbtr,:50K: line 1,DIRECT
MSG098,CdtTrfTxInf/Dbtr/PstlAdr/StrtNm,Dbtr,:50K:,PARSED
MSG098,CdtTrfTxInf/Dbtr/PstlAdr/BldgNb,Dbtr,:50K:,PARSED
MSG098,CdtTrfTxInf/Dbtr/PstlAdr/PstCd,Dbtr,:50K:,PARSED
MSG098,CdtTrfTxInf/Dbtr/PstlAdr/TwnNm,Dbtr,:50K:,PARSED
MSG098,CdtTrfTxInf/Dbtr/PstlAdr/CtrySubDvsn,Dbtr,:50K:,PARSED
MSG098,CdtTrfTxInf/Dbtr/PstlAdr/Ctry,Dbtr,:50K:,PARSED
MSG098,CdtTrfTxInf/DbtrAcct/Id/Othr/Id,DbtrAcct,:50K: account line,DIRECT
MSG098,CdtTrfTxInf/DbtrAgt/FinInstnId/BICFI,DbtrAgt,:52a: absent; sender BIC assumed,INFERRED
MSG098,CdtTrfTxInf/CdtrAgt/FinInstnId/BICFI,CdtrAgt,:57a: absent; receiver BIC assumed,INFERRED
MSG098,CdtTrfTxInf/Cdtr/Nm,Cdtr,:59: line 1,DIRECT
MSG098,CdtTrfTxInf/Cdtr/PstlAdr/TwnNm,Cdtr,:59:,PARSED
MSG098,CdtTrfTxInf/Cdtr/PstlAdr/Ctry,Cdtr,:59:,PARSED
MSG098,CdtTrfTxInf/Cdtr/PstlAdr/AdrLine,Cdtr,:59:,FREETEXT
MSG098,CdtTrfTxInf/CdtrAcct/Id/IBAN,CdtrAcct,:59: account line,DIRECT
MSG098,CdtTrfTxInf/RmtInf/Ustrd,RmtInf,:70:,FREETEXT
MSG099,GrpHdr/MsgId,GrpHdr,:20:,DIRECT
MSG099,GrpHdr/CreDtTm,GrpHdr,conversion time,INFERRED
MSG099,GrpHdr/NbOfTxs,GrpHdr,structure,INFERRED
MSG099,GrpHdr/SttlmInf/SttlmMtd,GrpHdr,:53A:/:54A: presence,INFERRED
MSG099,CdtTrfTxInf/PmtId/InstrId,PmtId,:20:,DIRECT
MSG099,CdtTrfTxInf/PmtId/EndToEndId,PmtId,no /ROC/ in :70:,INFERRED
MSG099,CdtTrfTxInf/PmtId/TxId,PmtId,:20:,DIRECT
MSG099,CdtTrfTxInf/PmtId/UETR,PmtId,generated by translator,INFERRED
MSG099,CdtTrfTxInf/IntrBkSttlmAmt,IntrBkSttlmAmt,:32A:,DIRECT
MSG099,CdtTrfTxInf/IntrBkSttlmDt,IntrBkSttlmDt,:32A:,DIRECT
MSG099,CdtTrfTxInf/ChrgBr,ChrgBr,:71A:,CODE
MSG099,CdtTrfTxInf/InstgAgt/FinInstnId/BICFI,InstgAgt,{1:} sender LT,DIRECT
MSG099,CdtTrfTxInf/InstdAgt/FinInstnId/BICFI,InstdAgt,{2:} receiver LT,DIRECT
MSG099,CdtTrfTxInf/Dbtr/Nm,Dbtr,:50K: line 1,DIRECT
MSG099,CdtTrfTxInf/Dbtr/PstlAdr/TwnNm,Dbtr,:50K:,PARSED
MSG099,CdtTrfTxInf/Dbtr/PstlAdr/Ctry,Dbtr,:50K: country deduced from town,INFERRED
MSG099,CdtTrfTxInf/Dbtr/PstlAdr/AdrLine,Dbtr,:50K:,FREETEXT
MSG099,CdtTrfTxInf/DbtrAcct/Id/IBAN,DbtrAcct,:50K: account line,DIRECT
MSG099,CdtTrfTxInf/DbtrAgt/FinInstnId/BICFI,DbtrAgt,:52A:,DIRECT
MSG099,CdtTrfTxInf/CdtrAgt/FinInstnId/BICFI,CdtrAgt,:57a: absent; receiver BIC assumed,INFERRED
MSG099,CdtTrfTxInf/Cdtr/Nm,Cdtr,:59: line 1,DIRECT
MSG099,CdtTrfTxInf/Cdtr/PstlAdr/StrtNm,Cdtr,:59:,PARSED
MSG099,CdtTrfTxInf/Cdtr/PstlAdr/BldgNb,Cdtr,:59:,PARSED
MSG099,CdtTrfTxInf/Cdtr/PstlAdr/PstCd,Cdtr,:59:,PARSED
MSG099,CdtTrfTxInf/Cdtr/PstlAdr/TwnNm,Cdtr,:59:,PARSED
MSG099,CdtTrfTxInf/Cdtr/PstlAdr/Ctry,Cdtr,:59:,PARSED
MSG099,CdtTrfTxInf/CdtrAcct/Id/Othr/Id,CdtrAcct,:59: account line,DIRECT
MSG099,CdtTrfTxInf/RmtInf/Ustrd,RmtInf,:70:,FREETEXT
MSG100,GrpHdr/MsgId,GrpHdr,:20:,DIRECT
MSG100,GrpHdr/CreDtTm,GrpHdr,conversion time,INFERRED
MSG100,GrpHdr/NbOfTxs,GrpHdr,structure,INFERRED
MSG100,GrpHdr/SttlmInf/SttlmMtd,GrpHdr,:53A:/:54A: presence,INFERRED
MSG100,GrpHdr/SttlmInf/InstgRmbrsmntAgt/FinInstnId/BICFI,GrpHdr,:53A:,DIRECT
MSG100,CdtTrfTxInf/PmtId/InstrId,PmtId,:20:,DIRECT
MSG100,CdtTrfTxInf/PmtId/EndToEndId,PmtId,no /ROC/ in :70:,INFERRED
MSG100,CdtTrfTxInf/PmtId/TxId,PmtId,:20:,DIRECT
MSG100,CdtTrfTxInf/PmtId/UETR,PmtId,{3:{121:}},DIRECT
MSG100,CdtTrfTxInf/IntrBkSttlmAmt,IntrBkSttlmAmt,:32A:,DIRECT
MSG100,CdtTrfTxInf/IntrBkSttlmDt,IntrBkSttlmDt,:32A:,DIRECT
MSG100,CdtTrfTxInf/ChrgBr,ChrgBr,:71A:,CODE
MSG100,CdtTrfTxInf/InstgAgt/FinInstnId/BICFI,InstgAgt,{1:} sender LT,DIRECT
MSG100,CdtTrfTxInf/InstdAgt/FinInstnId/BICFI,InstdAgt,{2:} receiver LT,DIRECT
MSG100,CdtTrfTxInf/Dbtr/Nm,Dbtr,:50K: line 1,DIRECT
MSG100,CdtTrfTxInf/Dbtr/PstlAdr/StrtNm,Dbtr,:50K:,PARSED
MSG100,CdtTrfTxInf/Dbtr/PstlAdr/BldgNb,Dbtr,:50K:,PARSED
MSG100,CdtTrfTxInf/Dbtr/PstlAdr/PstCd,Dbtr,:50K:,PARSED
MSG100,CdtTrfTxInf/Dbtr/PstlAdr/TwnNm,Dbtr,:50K:,PARSED
MSG100,CdtTrfTxInf/Dbtr/PstlAdr/CtrySubDvsn,Dbtr,:50K:,PARSED
MSG100,CdtTrfTxInf/Dbtr/PstlAdr/Ctry,Dbtr,:50K:,PARSED
MSG100,CdtTrfTxInf/DbtrAcct/Id/Othr/Id,DbtrAcct,:50K: account line,DIRECT
MSG100,CdtTrfTxInf/DbtrAgt/FinInstnId/BICFI,DbtrAgt,:52a: absent; sender BIC assumed,INFERRED
MSG100,CdtTrfTxInf/CdtrAgt/FinInstnId/BICFI,CdtrAgt,:57a: absent; receiver BIC assumed,INFERRED
MSG100,CdtTrfTxInf/Cdtr/Nm,Cdtr,:59: line 1,DIRECT
MSG100,CdtTrfTxInf/Cdtr/PstlAdr/StrtNm,Cdtr,:59:,PARSED
MSG100,CdtTrfTxInf/Cdtr/PstlAdr/BldgNb,Cdtr,:59:,PARSED
MSG100,CdtTrfTxInf/Cdtr/PstlAdr/TwnNm,Cdtr,:59:,PARSED
MSG100,CdtTrfTxInf/Cdtr/PstlAdr/Ctry,Cdtr,:59:,PARSED
MSG100,CdtTrfTxInf/CdtrAcct/Id/IBAN,CdtrAcct,:59: account line,DIRECT
MSG100,CdtTrfTxInf/RmtInf/Ustrd,RmtInf,:70:,FREETEXT
